Dag,Titel,Link
M1D1,"Whole Body Routine",https://www.dynamictriathlete.com/products/daily-stretching-mobility-program/categories/2150083179/posts/2156862221
M1D2,"Calf & Ankle Focus",https://www.dynamictriathlete.com/products/daily-stretching-mobility-program/categories/2150083179/posts/2156862222
M1D3,"Dynamic Active Routine",https://www.dynamictriathlete.com/products/daily-stretching-mobility-program/categories/2150083179/posts/2156862223
M1D4,"Hip Opener",https://www.dynamictriathlete.com/products/daily-stretching-mobility-program/categories/2150083179/posts/2156862443
M1D5,"Whole Body Routine",https://www.dynamictriathlete.com/products/daily-stretching-mobility-program/categories/2150083179/posts/2156862444
M1D6,"Glutes & Groin Focus",https://www.dynamictriathlete.com/products/daily-stretching-mobility-program/categories/2150083179/posts/2156862446
M1D7,"Upper Body Focus",https://www.dynamictriathlete.com/products/daily-stretching-mobility-program/categories/2150083179/posts/2156862471
M1D8,"Leg Focus",https://www.dynamictriathlete.com/products/daily-stretching-mobility-program/categories/2150083179/posts/2156862473
M1D9,"Tension Release",https://www.dynamictriathlete.com/products/daily-stretching-mobility-program/categories/2150083179/posts/2156862480
M1D10,"Whole Body Routine",https://www.dynamictriathlete.com/products/daily-stretching-mobility-program/categories/2150083179/posts/2156862482
M1D11,"video lesson icon/default Created with Sketch. Day 11 | Upper Body Focus",https://www.dynamictriathlete.com/products/daily-stretching-mobility-program/categories/2150083179/posts/2156862483
M1D12,"Spine Reset",https://www.dynamictriathlete.com/products/daily-stretching-mobility-program/categories/2150083179/posts/2156862486
M1D13,"video lesson icon/default Created with Sketch. Day 13 | Hamstring & Quad Focus",https://www.dynamictriathlete.com/products/daily-stretching-mobility-program/categories/2150083179/posts/2156862487
M1D14,"Tension Release",https://www.dynamictriathlete.com/products/daily-stretching-mobility-program/categories/2150083179/posts/2156862488
M1D15,"video lesson icon/default Created with Sketch. Day 15 | Whole Body Routine",https://www.dynamictriathlete.com/products/daily-stretching-mobility-program/categories/2150083179/posts/2156862490
M1D16,"Spine Reset",https://www.dynamictriathlete.com/products/daily-stretching-mobility-program/categories/2150083179/posts/2156862493
M1D17,"Upper Body Focus",https://www.dynamictriathlete.com/products/daily-stretching-mobility-program/categories/2150083179/posts/2156862535
M1D18,"Calf & Ankle",https://www.dynamictriathlete.com/products/daily-stretching-mobility-program/categories/2150083179/posts/2156862537
M1D19,"Dynamic Active Routine",https://www.dynamictriathlete.com/products/daily-stretching-mobility-program/categories/2150083179/posts/2156862538
M1D20,"video lesson icon/default Created with Sketch. Day 20 | Hip Opener",https://www.dynamictriathlete.com/products/daily-stretching-mobility-program/categories/2150083179/posts/2156862542
M1D21,"Whole Body Routine",https://www.dynamictriathlete.com/products/daily-stretching-mobility-program/categories/2150083179/posts/2156862544
M1D22,"Glutes & Groin Focus",https://www.dynamictriathlete.com/products/daily-stretching-mobility-program/categories/2150083179/posts/2156862549
M1D23,"Upper Body Focus",https://www.dynamictriathlete.com/products/daily-stretching-mobility-program/categories/2150083179/posts/2156862550
M1D24,"Leg Focus",https://www.dynamictriathlete.com/products/daily-stretching-mobility-program/categories/2150083179/posts/2156862552
M1D25,"video lesson icon/default Created with Sketch. Day 25 | Tension Release",https://www.dynamictriathlete.com/products/daily-stretching-mobility-program/categories/2150083179/posts/2156862555
M1D26,"Whole Body Routine",https://www.dynamictriathlete.com/products/daily-stretching-mobility-program/categories/2150083179/posts/2156862557
M1D27,"Upper Body Focus",https://www.dynamictriathlete.com/products/daily-stretching-mobility-program/categories/2150083179/posts/2156862558
M1D28,"video lesson icon/default Created with Sketch. Day 28 | Spine Reset",https://www.dynamictriathlete.com/products/daily-stretching-mobility-program/categories/2150083179/posts/2156862560
M2D1,"Whole Body Routine",https://www.dynamictriathlete.com/products/daily-stretching-mobility-program/categories/2150848196/posts/2159829912
M2D2,"Upper Body Focus",https://www.dynamictriathlete.com/products/daily-stretching-mobility-program/categories/2150848196/posts/2159829905
M2D3,"Lower Body Focus",https://www.dynamictriathlete.com/products/daily-stretching-mobility-program/categories/2150848196/posts/2159829889
M2D4,"Hip Opener",https://www.dynamictriathlete.com/products/daily-stretching-mobility-program/categories/2150848196/posts/2159829885
M2D5,"video lesson icon/default Created with Sketch. Day 5 | Whole Body Routine",https://www.dynamictriathlete.com/products/daily-stretching-mobility-program/categories/2150848196/posts/2159829914
M2D6,"video lesson icon/default Created with Sketch. Day 6 | Dynamic Active Routine",https://www.dynamictriathlete.com/products/daily-stretching-mobility-program/categories/2150848196/posts/2159829881
M2D7,"Tension Release",https://www.dynamictriathlete.com/products/daily-stretching-mobility-program/categories/2150848196/posts/2159829899
M2D8,"video lesson icon/default Created with Sketch. Day 8 | Whole Body Routine",https://www.dynamictriathlete.com/products/daily-stretching-mobility-program/categories/2150848196/posts/2159829916
M2D9,"video lesson icon/default Created with Sketch. Day 9 | Spine Reset",https://www.dynamictriathlete.com/products/daily-stretching-mobility-program/categories/2150848196/posts/2159829894
M2D10,"video lesson icon/default Created with Sketch. Day 10 | Hamstring & Quad",https://www.dynamictriathlete.com/products/daily-stretching-mobility-program/categories/2150848196/posts/2159829934
M2D11,"video lesson icon/default Created with Sketch. Day 11 | Upper Body Focus",https://www.dynamictriathlete.com/products/daily-stretching-mobility-program/categories/2150848196/posts/2159829906
M2D12,"video lesson icon/default Created with Sketch. Day 12 | Dynamic Active Routine 2",https://www.dynamictriathlete.com/products/daily-stretching-mobility-program/categories/2150848196/posts/2160405024
M2D13,"video lesson icon/default Created with Sketch. Day 13 | Glutes & Groin",https://www.dynamictriathlete.com/products/daily-stretching-mobility-program/categories/2150848196/posts/2159829923
M2D14,"video lesson icon/default Created with Sketch. Day 14 | Whole Body Routine",https://www.dynamictriathlete.com/products/daily-stretching-mobility-program/categories/2150848196/posts/2159829918
M2D15,"video lesson icon/default Created with Sketch. Day 15 | Spine Reset",https://www.dynamictriathlete.com/products/daily-stretching-mobility-program/categories/2150848196/posts/2159829896
M2D16,"video lesson icon/default Created with Sketch. Day 16 | Lower Body Focus",https://www.dynamictriathlete.com/products/daily-stretching-mobility-program/categories/2150848196/posts/2159829890
M2D17,"video lesson icon/default Created with Sketch. Day 17 | Hamstring & Quad",https://www.dynamictriathlete.com/products/daily-stretching-mobility-program/categories/2150848196/posts/2159829936
M2D18,"video lesson icon/default Created with Sketch. Day 18 | Hip Opener",https://www.dynamictriathlete.com/products/daily-stretching-mobility-program/categories/2150848196/posts/2160405126
M2D19,"video lesson icon/default Created with Sketch. Day 19 | Whole Body Routine",https://www.dynamictriathlete.com/products/daily-stretching-mobility-program/categories/2150848196/posts/2159829920
M2D20,"video lesson icon/default Created with Sketch. Day 20 | Upper Body Focus",https://www.dynamictriathlete.com/products/daily-stretching-mobility-program/categories/2150848196/posts/2160403198
M2D21,"video lesson icon/default Created with Sketch. Day 21 | Tension Release",https://www.dynamictriathlete.com/products/daily-stretching-mobility-program/categories/2150848196/posts/2159829901
M2D22,"video lesson icon/default Created with Sketch. Day 22 | Lower Body Focus",https://www.dynamictriathlete.com/products/daily-stretching-mobility-program/categories/2150848196/posts/2160404951
M2D23,"video lesson icon/default Created with Sketch. Day 23 | Hamstring & Quad",https://www.dynamictriathlete.com/products/daily-stretching-mobility-program/categories/2150848196/posts/2160405353
M2D24,"video lesson icon/default Created with Sketch. Day 24 | Whole Body Routine",https://www.dynamictriathlete.com/products/daily-stretching-mobility-program/categories/2150848196/posts/2160403141
M2D25,"video lesson icon/default Created with Sketch. Day 25 | Spine Reset",https://www.dynamictriathlete.com/products/daily-stretching-mobility-program/categories/2150848196/posts/2160405953
M2D26,"video lesson icon/default Created with Sketch. Day 26 | Dynamic Active Routine",https://www.dynamictriathlete.com/products/daily-stretching-mobility-program/categories/2150848196/posts/2160405262
M2D27,"Glutes & Groin",https://www.dynamictriathlete.com/products/daily-stretching-mobility-program/categories/2150848196/posts/2160405617
M2D28,"Tension Release",https://www.dynamictriathlete.com/products/daily-stretching-mobility-program/categories/2150848196/posts/2160405729
M3D1,"video lesson icon/default Created with Sketch. Day 1 | Whole Body Routine",https://www.dynamictriathlete.com/products/daily-stretching-mobility-program/categories/2150144209/posts/2160411216
M3D2,"Lower Body Focus",https://www.dynamictriathlete.com/products/daily-stretching-mobility-program/categories/2150144209/posts/2160411202
M3D3,"video lesson icon/default Created with Sketch. Day 3 | Upper Body Focus",https://www.dynamictriathlete.com/products/daily-stretching-mobility-program/categories/2150144209/posts/2160411214
M3D4,"Glutes & Groin Focus",https://www.dynamictriathlete.com/products/daily-stretching-mobility-program/categories/2150144209/posts/2157097980
M3D5,"video lesson icon/default Created with Sketch. Day 5 | Dynamic Active Routine",https://www.dynamictriathlete.com/products/daily-stretching-mobility-program/categories/2150144209/posts/2157097978
M3D6,"Hip Opener",https://www.dynamictriathlete.com/products/daily-stretching-mobility-program/categories/2150144209/posts/2157097982
M3D7,"Hamstring & Quad Focus",https://www.dynamictriathlete.com/products/daily-stretching-mobility-program/categories/2150144209/posts/2160411200
M3D8,"Whole Body Routine",https://www.dynamictriathlete.com/products/daily-stretching-mobility-program/categories/2150144209/posts/2160411218
M3D9,"video lesson icon/default Created with Sketch. Day 9 | Spine Reset",https://www.dynamictriathlete.com/products/daily-stretching-mobility-program/categories/2150144209/posts/2160411205
M3D10,"Lower Body Focus",https://www.dynamictriathlete.com/products/daily-stretching-mobility-program/categories/2150144209/posts/2160411203
M3D11,"Upper Body Focus",https://www.dynamictriathlete.com/products/daily-stretching-mobility-program/categories/2150144209/posts/2160411215
M3D12,"video lesson icon/default Created with Sketch. Day 12 | Whole Body Routine",https://www.dynamictriathlete.com/products/daily-stretching-mobility-program/categories/2150144209/posts/2160411223
M3D13,"Tension Release",https://www.dynamictriathlete.com/products/daily-stretching-mobility-program/categories/2150144209/posts/2160411210
M3D14,"Hamstring & Quad Focus",https://www.dynamictriathlete.com/products/daily-stretching-mobility-program/categories/2150144209/posts/2160411201
M3D15,"Glutes & Groin Focus",https://www.dynamictriathlete.com/products/daily-stretching-mobility-program/categories/2150144209/posts/2160417237
M3D16,"Hip Opener",https://www.dynamictriathlete.com/products/daily-stretching-mobility-program/categories/2150144209/posts/2160417299
M3D17,"Dynamic Active Routine",https://www.dynamictriathlete.com/products/daily-stretching-mobility-program/categories/2150144209/posts/2160417218
M3D18,"video lesson icon/default Created with Sketch. Day 18 | Whole Body Routine",https://www.dynamictriathlete.com/products/daily-stretching-mobility-program/categories/2150144209/posts/2160411221
M3D19,"Lower Body Focus",https://www.dynamictriathlete.com/products/daily-stretching-mobility-program/categories/2150144209/posts/2160417528
M3D20,"Spine Reset",https://www.dynamictriathlete.com/products/daily-stretching-mobility-program/categories/2150144209/posts/2160411206
M3D21,"Hamstring & Quad Focus",https://www.dynamictriathlete.com/products/daily-stretching-mobility-program/categories/2150144209/posts/2160417344
M3D22,"Tension Release",https://www.dynamictriathlete.com/products/daily-stretching-mobility-program/categories/2150144209/posts/2160411212
M3D23,"Upper Body Focus",https://www.dynamictriathlete.com/products/daily-stretching-mobility-program/categories/2150144209/posts/2160417641
M3D24,"Whole Body Routine",https://www.dynamictriathlete.com/products/daily-stretching-mobility-program/categories/2150144209/posts/2160411225
M3D25,"video lesson icon/default Created with Sketch. Day 25 | Hip Opener",https://www.dynamictriathlete.com/products/daily-stretching-mobility-program/categories/2150144209/posts/2160417673
M3D26,"video lesson icon/default Created with Sketch. Day 26 | Spine Reset",https://www.dynamictriathlete.com/products/daily-stretching-mobility-program/categories/2150144209/posts/2160417584
M3D27,"video lesson icon/default Created with Sketch. Day 27 | Tension Release",https://www.dynamictriathlete.com/products/daily-stretching-mobility-program/categories/2150144209/posts/2160417625
M3D28,"Dynamic Active Routine",https://www.dynamictriathlete.com/products/daily-stretching-mobility-program/categories/2150144209/posts/2160417730
M4D1,"video lesson icon/default Created with Sketch. Day 1 | Whole Body Routine",https://www.dynamictriathlete.com/products/daily-stretching-mobility-program/categories/2150144211/posts/2160733760
M4D2,"video lesson icon/default Created with Sketch. Day 2 | Leg Focus",https://www.dynamictriathlete.com/products/daily-stretching-mobility-program/categories/2150144211/posts/2160733738
M4D3,"video lesson icon/default Created with Sketch. Day 3 | Upper Body Focus",https://www.dynamictriathlete.com/products/daily-stretching-mobility-program/categories/2150144211/posts/2160733756
M4D4,"video lesson icon/default Created with Sketch. Day 4 | Spine Reset",https://www.dynamictriathlete.com/products/daily-stretching-mobility-program/categories/2150144211/posts/2160733744
M4D5,"video lesson icon/default Created with Sketch. Day 5 | Dynamic Active Routine",https://www.dynamictriathlete.com/products/daily-stretching-mobility-program/categories/2150144211/posts/2160733642
M4D6,"video lesson icon/default Created with Sketch. Day 6 | Hamstring & Quad",https://www.dynamictriathlete.com/products/daily-stretching-mobility-program/categories/2150144211/posts/2160733714
M4D7,"video lesson icon/default Created with Sketch. Day 7 | Whole Body Routine",https://www.dynamictriathlete.com/products/daily-stretching-mobility-program/categories/2150144211/posts/2160733761
M4D8,"Tension Release",https://www.dynamictriathlete.com/products/daily-stretching-mobility-program/categories/2150144211/posts/2160733750
M4D9,"Glutes & Groin Focus",https://www.dynamictriathlete.com/products/daily-stretching-mobility-program/categories/2150144211/posts/2160733662
M4D10,"Hip Opener",https://www.dynamictriathlete.com/products/daily-stretching-mobility-program/categories/2150144211/posts/2160733682
M4D11,"Leg Focus",https://www.dynamictriathlete.com/products/daily-stretching-mobility-program/categories/2150144211/posts/2160733740
M4D12,"Whole Body Routine",https://www.dynamictriathlete.com/products/daily-stretching-mobility-program/categories/2150144211/posts/2160733763
M4D13,"video lesson icon/default Created with Sketch. Day 13 | Spine Reset",https://www.dynamictriathlete.com/products/daily-stretching-mobility-program/categories/2150144211/posts/2160733747
M4D14,"video lesson icon/default Created with Sketch. Day 14 | Upper Body Focus",https://www.dynamictriathlete.com/products/daily-stretching-mobility-program/categories/2150144211/posts/2160733758
M4D15,"Dynamic Active Routine",https://www.dynamictriathlete.com/products/daily-stretching-mobility-program/categories/2150144211/posts/2160826441
M4D16,"Hamstring & Quad",https://www.dynamictriathlete.com/products/daily-stretching-mobility-program/categories/2150144211/posts/2160733731
M4D17,"Whole Body Routine",https://www.dynamictriathlete.com/products/daily-stretching-mobility-program/categories/2150144211/posts/2160733779
M4D18,"Tension Release",https://www.dynamictriathlete.com/products/daily-stretching-mobility-program/categories/2150144211/posts/2160733752
M4D19,"Glutes & Groin Focus",https://www.dynamictriathlete.com/products/daily-stretching-mobility-program/categories/2150144211/posts/2160826552
M4D20,"video lesson icon/default Created with Sketch. Day 20 | Leg Focus",https://www.dynamictriathlete.com/products/daily-stretching-mobility-program/categories/2150144211/posts/2160826607
M4D21,"Hip Opener",https://www.dynamictriathlete.com/products/daily-stretching-mobility-program/categories/2150144211/posts/2160826561
M4D22,"Whole Body Routine",https://www.dynamictriathlete.com/products/daily-stretching-mobility-program/categories/2150144211/posts/2160733815
M4D23,"Spine Reset",https://www.dynamictriathlete.com/products/daily-stretching-mobility-program/categories/2150144211/posts/2160826632
M4D24,"Hamstring & Quad",https://www.dynamictriathlete.com/products/daily-stretching-mobility-program/categories/2150144211/posts/2160826589
M4D25,"Dynamic Active Routine",https://www.dynamictriathlete.com/products/daily-stretching-mobility-program/categories/2150144211/posts/2160826535
M4D26,"Upper Body Focus",https://www.dynamictriathlete.com/products/daily-stretching-mobility-program/categories/2150144211/posts/2160826738
M4D27,"Whole Body Routine",https://www.dynamictriathlete.com/products/daily-stretching-mobility-program/categories/2150144211/posts/2160826745
M4D28,"Tension Release",https://www.dynamictriathlete.com/products/daily-stretching-mobility-program/categories/2150144211/posts/2160826719
M5D1,"Whole Body Routine",https://www.dynamictriathlete.com/products/daily-stretching-mobility-program/categories/2150144217/posts/2162359121
M5D2,"Whole Body Routine",https://www.dynamictriathlete.com/products/daily-stretching-mobility-program/categories/2150144217/posts/2162361121
M5D3,"Whole Body Routine",https://www.dynamictriathlete.com/products/daily-stretching-mobility-program/categories/2150144217/posts/2162359139
M5D4,"Whole Body Routine",https://www.dynamictriathlete.com/products/daily-stretching-mobility-program/categories/2150144217/posts/2162359143
M5D5,"Lower Body Routine",https://www.dynamictriathlete.com/products/daily-stretching-mobility-program/categories/2150144217/posts/2162359144
M5D6,"Whole Body Routine",https://www.dynamictriathlete.com/products/daily-stretching-mobility-program/categories/2150144217/posts/2162359147
M5D7,"Passive Routine",https://www.dynamictriathlete.com/products/daily-stretching-mobility-program/categories/2150144217/posts/2162359148
M5D8,"Whole Body Routine",https://www.dynamictriathlete.com/products/daily-stretching-mobility-program/categories/2150144217/posts/2162359362
M5D9,"Whole Body Routine",https://www.dynamictriathlete.com/products/daily-stretching-mobility-program/categories/2150144217/posts/2162359364
M5D10,"Upper Body Routine",https://www.dynamictriathlete.com/products/daily-stretching-mobility-program/categories/2150144217/posts/2162359368
M5D11,"Whole Body Routine",https://www.dynamictriathlete.com/products/daily-stretching-mobility-program/categories/2150144217/posts/2162359370
M5D12,"Whole Body Routine",https://www.dynamictriathlete.com/products/daily-stretching-mobility-program/categories/2150144217/posts/2162359388
M5D13,"Whole Body Routine",https://www.dynamictriathlete.com/products/daily-stretching-mobility-program/categories/2150144217/posts/2162359394
M5D14,"Passive Routine",https://www.dynamictriathlete.com/products/daily-stretching-mobility-program/categories/2150144217/posts/2162361143
M5D15,"Lower Body Routine",https://www.dynamictriathlete.com/products/daily-stretching-mobility-program/categories/2150144217/posts/2162360099
M5D16,"Whole Body Routine",https://www.dynamictriathlete.com/products/daily-stretching-mobility-program/categories/2150144217/posts/2162360114
M5D17,"Whole Body Routine",https://www.dynamictriathlete.com/products/daily-stretching-mobility-program/categories/2150144217/posts/2162360117
M5D18,"Whole Body Routine",https://www.dynamictriathlete.com/products/daily-stretching-mobility-program/categories/2150144217/posts/2162360120
M5D19,"Whole Body Routine",https://www.dynamictriathlete.com/products/daily-stretching-mobility-program/categories/2150144217/posts/2162360121
M5D20,"Upper Body Routine",https://www.dynamictriathlete.com/products/daily-stretching-mobility-program/categories/2150144217/posts/2162360125
M5D21,"Passive Routine",https://www.dynamictriathlete.com/products/daily-stretching-mobility-program/categories/2150144217/posts/2162360126
M5D22,"Whole Body Routine",https://www.dynamictriathlete.com/products/daily-stretching-mobility-program/categories/2150144217/posts/2162360437
M5D23,"Whole Body Routine",https://www.dynamictriathlete.com/products/daily-stretching-mobility-program/categories/2150144217/posts/2162361149
M5D24,"Whole Body Routine",https://www.dynamictriathlete.com/products/daily-stretching-mobility-program/categories/2150144217/posts/2162360441
M5D25,"Lower Body Routine",https://www.dynamictriathlete.com/products/daily-stretching-mobility-program/categories/2150144217/posts/2162360445
M5D26,"Whole Body Routine",https://www.dynamictriathlete.com/products/daily-stretching-mobility-program/categories/2150144217/posts/2162360448
M5D27,"Whole Body Routine",https://www.dynamictriathlete.com/products/daily-stretching-mobility-program/categories/2150144217/posts/2162360450
M5D28,"Passive Routine",https://www.dynamictriathlete.com/products/daily-stretching-mobility-program/categories/2150144217/posts/2162360451
M5D29,"Whole Body Routine",https://www.dynamictriathlete.com/products/daily-stretching-mobility-program/categories/2150144217/posts/2168224351
M5D30,"video lesson icon/default Created with Sketch. Day 30 | Upper Body Routine",https://www.dynamictriathlete.com/products/daily-stretching-mobility-program/categories/2150144217/posts/2168224369
M6D1,"Whole Body Routine",https://www.dynamictriathlete.com/products/daily-stretching-mobility-program/categories/2150144218/posts/2163084333
M6D3,"Glutes & Groin",https://www.dynamictriathlete.com/products/daily-stretching-mobility-program/categories/2150144218/posts/2163085426
M6D4,"Spine Reset",https://www.dynamictriathlete.com/products/daily-stretching-mobility-program/categories/2150144218/posts/2163243631
M6D5,"Upper Body Focus",https://www.dynamictriathlete.com/products/daily-stretching-mobility-program/categories/2150144218/posts/2163055508
M6D6,"Leg Focus",https://www.dynamictriathlete.com/products/daily-stretching-mobility-program/categories/2150144218/posts/2163243818
M6D7,"Whole Body Routine",https://www.dynamictriathlete.com/products/daily-stretching-mobility-program/categories/2150144218/posts/2163244190
M6D8,"Hamstrings & Quads",https://www.dynamictriathlete.com/products/daily-stretching-mobility-program/categories/2150144218/posts/2163244368
M6D9,"Hip Opener",https://www.dynamictriathlete.com/products/daily-stretching-mobility-program/categories/2150144218/posts/2163245293
M6D10,"Upper Body Focus",https://www.dynamictriathlete.com/products/daily-stretching-mobility-program/categories/2150144218/posts/2163055514
M6D11,"Dynamic Active Routine",https://www.dynamictriathlete.com/products/daily-stretching-mobility-program/categories/2150144218/posts/2163246383
M6D12,"Tension Release",https://www.dynamictriathlete.com/products/daily-stretching-mobility-program/categories/2150144218/posts/2163246607
M6D13,"Whole Body Routine",https://www.dynamictriathlete.com/products/daily-stretching-mobility-program/categories/2150144218/posts/2163276405
M6D14,"Hamstring & Quads",https://www.dynamictriathlete.com/products/daily-stretching-mobility-program/categories/2150144218/posts/2163276477
M6D15,"Glutes & Groin",https://www.dynamictriathlete.com/products/daily-stretching-mobility-program/categories/2150144218/posts/2163277626
M6D16,"Hip Opener",https://www.dynamictriathlete.com/products/daily-stretching-mobility-program/categories/2150144218/posts/2163277699
M6D17,"Upper Body Focus",https://www.dynamictriathlete.com/products/daily-stretching-mobility-program/categories/2150144218/posts/2163055518
M6D18,"Whole Body Routine",https://www.dynamictriathlete.com/products/daily-stretching-mobility-program/categories/2150144218/posts/2163278529
M6D19,"Hamstring & Quads",https://www.dynamictriathlete.com/products/daily-stretching-mobility-program/categories/2150144218/posts/2163278574
M6D20,"video lesson icon/default Created with Sketch. Day 20 | Glutes & Groin",https://www.dynamictriathlete.com/products/daily-stretching-mobility-program/categories/2150144218/posts/2163278826
M6D21,"video lesson icon/default Created with Sketch. Day 21 | Spine Reset",https://www.dynamictriathlete.com/products/daily-stretching-mobility-program/categories/2150144218/posts/2163278957
M6D22,"Tension Release",https://www.dynamictriathlete.com/products/daily-stretching-mobility-program/categories/2150144218/posts/2163279321
M6D23,"video lesson icon/default Created with Sketch. Day 23 | Whole Body Routine",https://www.dynamictriathlete.com/products/daily-stretching-mobility-program/categories/2150144218/posts/2163279372
M6D24,"video lesson icon/default Created with Sketch. Day 24 | Leg Focus",https://www.dynamictriathlete.com/products/daily-stretching-mobility-program/categories/2150144218/posts/2163279504
M6D25,"video lesson icon/default Created with Sketch. Day 25 | Hip Opener",https://www.dynamictriathlete.com/products/daily-stretching-mobility-program/categories/2150144218/posts/2163279637
M6D26,"video lesson icon/default Created with Sketch. Day 26 | Dynamic Active Routine",https://www.dynamictriathlete.com/products/daily-stretching-mobility-program/categories/2150144218/posts/2163279653
M6D27,"video lesson icon/default Created with Sketch. Day 27 | Leg Focus",https://www.dynamictriathlete.com/products/daily-stretching-mobility-program/categories/2150144218/posts/2163279833
M6D28,"video lesson icon/default Created with Sketch. Day 28 | Tension Release",https://www.dynamictriathlete.com/products/daily-stretching-mobility-program/categories/2150144218/posts/2163279914
M7D1,"video lesson icon/default Created with Sketch. Day 1 | Whole Body Routine",https://www.dynamictriathlete.com/products/daily-stretching-mobility-program/categories/2150144219/posts/2164384719
M7D2,"video lesson icon/default Created with Sketch. Day 2 | Upper Body Focus",https://www.dynamictriathlete.com/products/daily-stretching-mobility-program/categories/2150144219/posts/2164029277
M7D3,"video lesson icon/default Created with Sketch. Day 3 | Dynamic Active Routine",https://www.dynamictriathlete.com/products/daily-stretching-mobility-program/categories/2150144219/posts/2164384727
M7D4,"video lesson icon/default Created with Sketch. Day 4 | Leg Focus",https://www.dynamictriathlete.com/products/daily-stretching-mobility-program/categories/2150144219/posts/2164384723
M7D5,"video lesson icon/default Created with Sketch. Day 5 | Glutes & Groin",https://www.dynamictriathlete.com/products/daily-stretching-mobility-program/categories/2150144219/posts/2164384740
M7D6,"video lesson icon/default Created with Sketch. Day 6 | Whole Body Routine",https://www.dynamictriathlete.com/products/daily-stretching-mobility-program/categories/2150144219/posts/2164384748
M7D7,"video lesson icon/default Created with Sketch. Day 7 | Hip Opener",https://www.dynamictriathlete.com/products/daily-stretching-mobility-program/categories/2150144219/posts/2164384750
M7D8,"video lesson icon/default Created with Sketch. Day 8 | Hamstrings & Quads",https://www.dynamictriathlete.com/products/daily-stretching-mobility-program/categories/2150144219/posts/2164384754
M7D9,"video lesson icon/default Created with Sketch. Day 9 | Whole Body Routine",https://www.dynamictriathlete.com/products/daily-stretching-mobility-program/categories/2150144219/posts/2164385633
M7D10,"video lesson icon/default Created with Sketch. Day 10 | Upper Body Focus",https://www.dynamictriathlete.com/products/daily-stretching-mobility-program/categories/2150144219/posts/2164029281
M7D11,"video lesson icon/default Created with Sketch. Day 11 | Spine Reset",https://www.dynamictriathlete.com/products/daily-stretching-mobility-program/categories/2150144219/posts/2164385647
M7D12,"video lesson icon/default Created with Sketch. Day 12 | Tension Release",https://www.dynamictriathlete.com/products/daily-stretching-mobility-program/categories/2150144219/posts/2164385649
M7D13,"video lesson icon/default Created with Sketch. Day 13 | Whole Body Routine",https://www.dynamictriathlete.com/products/daily-stretching-mobility-program/categories/2150144219/posts/2164385652
M7D14,"video lesson icon/default Created with Sketch. Day 14 | Leg Focus",https://www.dynamictriathlete.com/products/daily-stretching-mobility-program/categories/2150144219/posts/2164385657
M7D15,"video lesson icon/default Created with Sketch. Day 15 | Dynamic Active Routine",https://www.dynamictriathlete.com/products/daily-stretching-mobility-program/categories/2150144219/posts/2164385664
M7D16,"video lesson icon/default Created with Sketch. Day 16 | Glutes & Groin",https://www.dynamictriathlete.com/products/daily-stretching-mobility-program/categories/2150144219/posts/2164387890
M7D17,"video lesson icon/default Created with Sketch. Day 17 | Whole Body Routine",https://www.dynamictriathlete.com/products/daily-stretching-mobility-program/categories/2150144219/posts/2164387891
M7D18,"video lesson icon/default Created with Sketch. Day 18 | Hip Opener",https://www.dynamictriathlete.com/products/daily-stretching-mobility-program/categories/2150144219/posts/2164387893
M7D19,"video lesson icon/default Created with Sketch. Day 19 | Upper Body Focus",https://www.dynamictriathlete.com/products/daily-stretching-mobility-program/categories/2150144219/posts/2164030246
M7D20,"video lesson icon/default Created with Sketch. Day 20 | Hamstrings & Quads",https://www.dynamictriathlete.com/products/daily-stretching-mobility-program/categories/2150144219/posts/2164387896
M7D21,"video lesson icon/default Created with Sketch. Day 21 | Whole Body Routine",https://www.dynamictriathlete.com/products/daily-stretching-mobility-program/categories/2150144219/posts/2164387900
M7D22,"video lesson icon/default Created with Sketch. Day 22 | Spine Reset",https://www.dynamictriathlete.com/products/daily-stretching-mobility-program/categories/2150144219/posts/2164387910
M7D23,"video lesson icon/default Created with Sketch. Day 23 | Tension Release",https://www.dynamictriathlete.com/products/daily-stretching-mobility-program/categories/2150144219/posts/2164388189
M7D24,"video lesson icon/default Created with Sketch. Day 24 | Leg Focus",https://www.dynamictriathlete.com/products/daily-stretching-mobility-program/categories/2150144219/posts/2164388191
M7D25,"video lesson icon/default Created with Sketch. Day 25 | Hamstrings & Quads",https://www.dynamictriathlete.com/products/daily-stretching-mobility-program/categories/2150144219/posts/2164388194
M7D26,"video lesson icon/default Created with Sketch. Day 26 | Whole Body Routine",https://www.dynamictriathlete.com/products/daily-stretching-mobility-program/categories/2150144219/posts/2164388196
M7D27,"video lesson icon/default Created with Sketch. Day 27 | Spine Reset",https://www.dynamictriathlete.com/products/daily-stretching-mobility-program/categories/2150144219/posts/2164388197
M7D28,"video lesson icon/default Created with Sketch. Day 28 | Tension Release",https://www.dynamictriathlete.com/products/daily-stretching-mobility-program/categories/2150144219/posts/2164388199
M8D1,"video lesson icon/default Created with Sketch. Day 1 | Whole Body Routine",https://www.dynamictriathlete.com/products/daily-stretching-mobility-program/categories/2150144220/posts/2164923487
M8D2,"video lesson icon/default Created with Sketch. Day 2 | Whole Body Routine",https://www.dynamictriathlete.com/products/daily-stretching-mobility-program/categories/2150144220/posts/2164923489
M8D3,"video lesson icon/default Created with Sketch. Day 3 | Whole Body Routine",https://www.dynamictriathlete.com/products/daily-stretching-mobility-program/categories/2150144220/posts/2164923491
M8D4,"video lesson icon/default Created with Sketch. Day 4 | Whole Body Routine",https://www.dynamictriathlete.com/products/daily-stretching-mobility-program/categories/2150144220/posts/2164923493
M8D5,"video lesson icon/default Created with Sketch. Day 5 | Lower Body Routine",https://www.dynamictriathlete.com/products/daily-stretching-mobility-program/categories/2150144220/posts/2164923504
M8D6,"video lesson icon/default Created with Sketch. Day 6 | Whole Body Routine",https://www.dynamictriathlete.com/products/daily-stretching-mobility-program/categories/2150144220/posts/2164923494
M8D7,"video lesson icon/default Created with Sketch. Day 7 | Passive Routine",https://www.dynamictriathlete.com/products/daily-stretching-mobility-program/categories/2150144220/posts/2164923512
M8D8,"video lesson icon/default Created with Sketch. Day 8 | Whole Body Routine",https://www.dynamictriathlete.com/products/daily-stretching-mobility-program/categories/2150144220/posts/2164923496
M8D9,"video lesson icon/default Created with Sketch. Day 9 | Whole Body Routine",https://www.dynamictriathlete.com/products/daily-stretching-mobility-program/categories/2150144220/posts/2164923497
M8D10,"video lesson icon/default Created with Sketch. Day 10 | Upper Body Routine",https://www.dynamictriathlete.com/products/daily-stretching-mobility-program/categories/2150144220/posts/2164923507
M8D11,"video lesson icon/default Created with Sketch. Day 11 | Whole Body Routine",https://www.dynamictriathlete.com/products/daily-stretching-mobility-program/categories/2150144220/posts/2164923499
M8D12,"video lesson icon/default Created with Sketch. Day 12 | Whole Body Routine",https://www.dynamictriathlete.com/products/daily-stretching-mobility-program/categories/2150144220/posts/2164923500
M8D13,"video lesson icon/default Created with Sketch. Day 13 | Whole Body Routine",https://www.dynamictriathlete.com/products/daily-stretching-mobility-program/categories/2150144220/posts/2164923503
M8D14,"video lesson icon/default Created with Sketch. Day 14 | Passive Routine",https://www.dynamictriathlete.com/products/daily-stretching-mobility-program/categories/2150144220/posts/2164923514
M8D15,"video lesson icon/default Created with Sketch. Day 15 | Lower Body Routine",https://www.dynamictriathlete.com/products/daily-stretching-mobility-program/categories/2150144220/posts/2164923505
M8D16,"video lesson icon/default Created with Sketch. Day 16 | Whole Body Routine",https://www.dynamictriathlete.com/products/daily-stretching-mobility-program/categories/2150144220/posts/2165118406
M8D17,"video lesson icon/default Created with Sketch. Day 17 | Whole Body Routine",https://www.dynamictriathlete.com/products/daily-stretching-mobility-program/categories/2150144220/posts/2165118408
M8D18,"video lesson icon/default Created with Sketch. Day 18 | Whole Body Routine",https://www.dynamictriathlete.com/products/daily-stretching-mobility-program/categories/2150144220/posts/2165118410
M8D19,"video lesson icon/default Created with Sketch. Day 19 | Whole Body Routine",https://www.dynamictriathlete.com/products/daily-stretching-mobility-program/categories/2150144220/posts/2165118411
M8D20,"video lesson icon/default Created with Sketch. Day 20 | Upper Body Routine",https://www.dynamictriathlete.com/products/daily-stretching-mobility-program/categories/2150144220/posts/2164923508
M8D21,"video lesson icon/default Created with Sketch. Day 21 | Passive Routine",https://www.dynamictriathlete.com/products/daily-stretching-mobility-program/categories/2150144220/posts/2165118423
M8D22,"video lesson icon/default Created with Sketch. Day 22 | Whole Body Routine",https://www.dynamictriathlete.com/products/daily-stretching-mobility-program/categories/2150144220/posts/2165118412
M8D23,"video lesson icon/default Created with Sketch. Day 23 | Whole Body Routine",https://www.dynamictriathlete.com/products/daily-stretching-mobility-program/categories/2150144220/posts/2165118413
M8D24,"video lesson icon/default Created with Sketch. Day 24 | Whole Body Routine",https://www.dynamictriathlete.com/products/daily-stretching-mobility-program/categories/2150144220/posts/2165118414
M8D25,"video lesson icon/default Created with Sketch. Day 25 | Lower Body Routine",https://www.dynamictriathlete.com/products/daily-stretching-mobility-program/categories/2150144220/posts/2164923506
M8D26,"video lesson icon/default Created with Sketch. Day 26 | Whole Body Routine",https://www.dynamictriathlete.com/products/daily-stretching-mobility-program/categories/2150144220/posts/2165118415
M8D27,"video lesson icon/default Created with Sketch. Day 27 | Whole Body Routine",https://www.dynamictriathlete.com/products/daily-stretching-mobility-program/categories/2150144220/posts/2165118416
M8D28,"video lesson icon/default Created with Sketch. Day 28 | Passive Routine",https://www.dynamictriathlete.com/products/daily-stretching-mobility-program/categories/2150144220/posts/2165118426
M8D29,"video lesson icon/default Created with Sketch. Day 29 | Whole Body Routine",https://www.dynamictriathlete.com/products/daily-stretching-mobility-program/categories/2150144220/posts/2165118418
M8D30,"video lesson icon/default Created with Sketch. Day 30 | Upper Body Routine",https://www.dynamictriathlete.com/products/daily-stretching-mobility-program/categories/2150144220/posts/2164923510
M9D1,"video lesson icon/default Created with Sketch. Day 1 | Whole Body Routine",https://www.dynamictriathlete.com/products/daily-stretching-mobility-program/categories/2150144221/posts/2165201985
M9D2,"video lesson icon/default Created with Sketch. Day 2 | Whole Body Routine",https://www.dynamictriathlete.com/products/daily-stretching-mobility-program/categories/2150144221/posts/2165201986
M9D3,"video lesson icon/default Created with Sketch. Day 3 | Whole Body Routine",https://www.dynamictriathlete.com/products/daily-stretching-mobility-program/categories/2150144221/posts/2165201988
M9D4,"video lesson icon/default Created with Sketch. Day 4 | Whole Body Routine",https://www.dynamictriathlete.com/products/daily-stretching-mobility-program/categories/2150144221/posts/2165201990
M9D5,"video lesson icon/default Created with Sketch. Day 5 | Lower Body Routine",https://www.dynamictriathlete.com/products/daily-stretching-mobility-program/categories/2150144221/posts/2165202015
M9D6,"video lesson icon/default Created with Sketch. Day 6 | Whole Body Routine",https://www.dynamictriathlete.com/products/daily-stretching-mobility-program/categories/2150144221/posts/2165201991
M9D7,"video lesson icon/default Created with Sketch. Day 7 | Passive Routine",https://www.dynamictriathlete.com/products/daily-stretching-mobility-program/categories/2150144221/posts/2165202026
M9D8,"video lesson icon/default Created with Sketch. Day 8 | Whole Body Routine",https://www.dynamictriathlete.com/products/daily-stretching-mobility-program/categories/2150144221/posts/2165202003
M9D9,"video lesson icon/default Created with Sketch. Day 9 | Whole Body Routine",https://www.dynamictriathlete.com/products/daily-stretching-mobility-program/categories/2150144221/posts/2165202008
M9D10,"video lesson icon/default Created with Sketch. Day 10 | Upper Body Routine",https://www.dynamictriathlete.com/products/daily-stretching-mobility-program/categories/2150144221/posts/2165202019
M9D11,"video lesson icon/default Created with Sketch. Day 11 | Whole Body Routine",https://www.dynamictriathlete.com/products/daily-stretching-mobility-program/categories/2150144221/posts/2165202009
M9D12,"video lesson icon/default Created with Sketch. Day 12 | Whole Body Routine",https://www.dynamictriathlete.com/products/daily-stretching-mobility-program/categories/2150144221/posts/2165202011
M9D13,"video lesson icon/default Created with Sketch. Day 13 | Whole Body Routine",https://www.dynamictriathlete.com/products/daily-stretching-mobility-program/categories/2150144221/posts/2165202012
M9D14,"video lesson icon/default Created with Sketch. Day 14 | Passive Routine",https://www.dynamictriathlete.com/products/daily-stretching-mobility-program/categories/2150144221/posts/2165202027
M9D15,"video lesson icon/default Created with Sketch. Day 15 | Lower Body Routine",https://www.dynamictriathlete.com/products/daily-stretching-mobility-program/categories/2150144221/posts/2165202017
M9D16,"video lesson icon/default Created with Sketch. Day 16 | Whole Body Routine",https://www.dynamictriathlete.com/products/daily-stretching-mobility-program/categories/2150144221/posts/2165572198
M9D17,"video lesson icon/default Created with Sketch. Day 17 | Whole Body Routine",https://www.dynamictriathlete.com/products/daily-stretching-mobility-program/categories/2150144221/posts/2165572245
M9D18,"video lesson icon/default Created with Sketch. Day 18 | Whole Body Routine",https://www.dynamictriathlete.com/products/daily-stretching-mobility-program/categories/2150144221/posts/2165572286
M9D19,"video lesson icon/default Created with Sketch. Day 19 | Whole Body Routine",https://www.dynamictriathlete.com/products/daily-stretching-mobility-program/categories/2150144221/posts/2165572297
M9D20,"video lesson icon/default Created with Sketch. Day 20 | Upper Body Routine",https://www.dynamictriathlete.com/products/daily-stretching-mobility-program/categories/2150144221/posts/2165202021
M9D21,"video lesson icon/default Created with Sketch. Day 21 | Passive Routine",https://www.dynamictriathlete.com/products/daily-stretching-mobility-program/categories/2150144221/posts/2165572535
M9D22,"video lesson icon/default Created with Sketch. Day 22 | Whole Body Routine",https://www.dynamictriathlete.com/products/daily-stretching-mobility-program/categories/2150144221/posts/2165572356
M9D23,"video lesson icon/default Created with Sketch. Day 23 | Whole Body Routine",https://www.dynamictriathlete.com/products/daily-stretching-mobility-program/categories/2150144221/posts/2165572379
M9D24,"video lesson icon/default Created with Sketch. Day 24 | Whole Body Routine",https://www.dynamictriathlete.com/products/daily-stretching-mobility-program/categories/2150144221/posts/2165572408
M9D25,"video lesson icon/default Created with Sketch. Day 25 | Lower Body Routine",https://www.dynamictriathlete.com/products/daily-stretching-mobility-program/categories/2150144221/posts/2165202018
M9D26,"video lesson icon/default Created with Sketch. Day 26 | Whole Body Routine",https://www.dynamictriathlete.com/products/daily-stretching-mobility-program/categories/2150144221/posts/2165572435
M9D27,"video lesson icon/default Created with Sketch. Day 27 | Whole Body Routine",https://www.dynamictriathlete.com/products/daily-stretching-mobility-program/categories/2150144221/posts/2165572454
M9D28,"video lesson icon/default Created with Sketch. Day 28 | Passive Routine",https://www.dynamictriathlete.com/products/daily-stretching-mobility-program/categories/2150144221/posts/2165572561
M9D29,"video lesson icon/default Created with Sketch. Day 29 | Whole Body Routine",https://www.dynamictriathlete.com/products/daily-stretching-mobility-program/categories/2150144221/posts/2165572471
M9D30,"video lesson icon/default Created with Sketch. Day 30 | Upper Body Routine",https://www.dynamictriathlete.com/products/daily-stretching-mobility-program/categories/2150144221/posts/2165202024
M10D1,"video lesson icon/default Created with Sketch. Day 1 | Whole Body Routine",https://www.dynamictriathlete.com/products/daily-stretching-mobility-program/categories/2150989044/posts/2166112586
M10D2,"video lesson icon/default Created with Sketch. Day 2 | Whole Body Routine",https://www.dynamictriathlete.com/products/daily-stretching-mobility-program/categories/2150989044/posts/2166112591
M10D3,"video lesson icon/default Created with Sketch. Day 3 | Whole Body Routine",https://www.dynamictriathlete.com/products/daily-stretching-mobility-program/categories/2150989044/posts/2166112593
M10D4,"video lesson icon/default Created with Sketch. Day 4 | Whole Body Routine",https://www.dynamictriathlete.com/products/daily-stretching-mobility-program/categories/2150989044/posts/2166112595
M10D5,"video lesson icon/default Created with Sketch. Day 5 | Lower Body Routine",https://www.dynamictriathlete.com/products/daily-stretching-mobility-program/categories/2150989044/posts/2166112620
M10D6,"video lesson icon/default Created with Sketch. Day 6 | Whole Body Routine",https://www.dynamictriathlete.com/products/daily-stretching-mobility-program/categories/2150989044/posts/2166112610
M10D7,"video lesson icon/default Created with Sketch. Day 7 | Passive Routine",https://www.dynamictriathlete.com/products/daily-stretching-mobility-program/categories/2150989044/posts/2166112635
M10D8,"video lesson icon/default Created with Sketch. Day 8 | Whole Body Routine",https://www.dynamictriathlete.com/products/daily-stretching-mobility-program/categories/2150989044/posts/2166112613
M10D9,"video lesson icon/default Created with Sketch. Day 9 | Whole Body Routine",https://www.dynamictriathlete.com/products/daily-stretching-mobility-program/categories/2150989044/posts/2166112614
M10D10,"video lesson icon/default Created with Sketch. Day 10 | Upper Body Routine",https://www.dynamictriathlete.com/products/daily-stretching-mobility-program/categories/2150989044/posts/2166112624
M10D11,"video lesson icon/default Created with Sketch. Day 11 | Whole Body Routine",https://www.dynamictriathlete.com/products/daily-stretching-mobility-program/categories/2150989044/posts/2166112616
M10D12,"video lesson icon/default Created with Sketch. Day 12 | Whole Body Routine",https://www.dynamictriathlete.com/products/daily-stretching-mobility-program/categories/2150989044/posts/2166112643
M10D13,"video lesson icon/default Created with Sketch. Day 13 | Whole Body Routine",https://www.dynamictriathlete.com/products/daily-stretching-mobility-program/categories/2150989044/posts/2166112617
M10D14,"video lesson icon/default Created with Sketch. Day 14 | Passive Routine",https://www.dynamictriathlete.com/products/daily-stretching-mobility-program/categories/2150989044/posts/2166112637
M10D15,"video lesson icon/default Created with Sketch. Day 15 | Lower Body Routine",https://www.dynamictriathlete.com/products/daily-stretching-mobility-program/categories/2150989044/posts/2166112622
M10D16,"video lesson icon/default Created with Sketch. Day 16 | Whole Body Routine",https://www.dynamictriathlete.com/products/daily-stretching-mobility-program/categories/2150989044/posts/2166385017
M10D17,"video lesson icon/default Created with Sketch. Day 17 | Whole Body Routine",https://www.dynamictriathlete.com/products/daily-stretching-mobility-program/categories/2150989044/posts/2166385053
M10D18,"video lesson icon/default Created with Sketch. Day 18 | Whole Body Routine",https://www.dynamictriathlete.com/products/daily-stretching-mobility-program/categories/2150989044/posts/2166385074
M10D19,"video lesson icon/default Created with Sketch. Day 19 | Whole Body Routine",https://www.dynamictriathlete.com/products/daily-stretching-mobility-program/categories/2150989044/posts/2166385098
M10D20,"video lesson icon/default Created with Sketch. Day 20 | Upper Body Routine",https://www.dynamictriathlete.com/products/daily-stretching-mobility-program/categories/2150989044/posts/2166112625
M10D21,"video lesson icon/default Created with Sketch. Day 21 | Passive Routine",https://www.dynamictriathlete.com/products/daily-stretching-mobility-program/categories/2150989044/posts/2166385209
M10D22,"video lesson icon/default Created with Sketch. Day 22 | Whole Body Routine",https://www.dynamictriathlete.com/products/daily-stretching-mobility-program/categories/2150989044/posts/2166385104
M10D23,"video lesson icon/default Created with Sketch. Day 23 | Whole Body Routine",https://www.dynamictriathlete.com/products/daily-stretching-mobility-program/categories/2150989044/posts/2166385124
M10D24,"video lesson icon/default Created with Sketch. Day 24 | Whole Body Routine",https://www.dynamictriathlete.com/products/daily-stretching-mobility-program/categories/2150989044/posts/2166385144
M10D25,"video lesson icon/default Created with Sketch. Day 25 | Lower Body Routine",https://www.dynamictriathlete.com/products/daily-stretching-mobility-program/categories/2150989044/posts/2166112623
M10D26,"video lesson icon/default Created with Sketch. Day 26 | Whole Body Routine",https://www.dynamictriathlete.com/products/daily-stretching-mobility-program/categories/2150989044/posts/2166385180
M10D27,"video lesson icon/default Created with Sketch. Day 27 | Whole Body Routine",https://www.dynamictriathlete.com/products/daily-stretching-mobility-program/categories/2150989044/posts/2166385189
M10D28,"video lesson icon/default Created with Sketch. Day 28 | Passive Routine",https://www.dynamictriathlete.com/products/daily-stretching-mobility-program/categories/2150989044/posts/2166385237
M10D29,"video lesson icon/default Created with Sketch. Day 29 | Whole Body Routine",https://www.dynamictriathlete.com/products/daily-stretching-mobility-program/categories/2150989044/posts/2166385196
M10D30,"video lesson icon/default Created with Sketch. Day 30 | Upper Body Routine",https://www.dynamictriathlete.com/products/daily-stretching-mobility-program/categories/2150989044/posts/2166112634
M11D1,"video lesson icon/default Created with Sketch. Day 1 | Whole Body Routine",https://www.dynamictriathlete.com/products/daily-stretching-mobility-program/categories/2150989048/posts/2166577918
M11D2,"video lesson icon/default Created with Sketch. Day 2 | Whole Body Routine",https://www.dynamictriathlete.com/products/daily-stretching-mobility-program/categories/2150989048/posts/2166577922
M11D3,"video lesson icon/default Created with Sketch. Day 3 | Whole Body Routine",https://www.dynamictriathlete.com/products/daily-stretching-mobility-program/categories/2150989048/posts/2166577924
M11D4,"video lesson icon/default Created with Sketch. Day 4 | Whole Body Routine",https://www.dynamictriathlete.com/products/daily-stretching-mobility-program/categories/2150989048/posts/2166577925
M11D5,"video lesson icon/default Created with Sketch. Day 5 | Lower Body Routine",https://www.dynamictriathlete.com/products/daily-stretching-mobility-program/categories/2150989048/posts/2166577966
M11D6,"video lesson icon/default Created with Sketch. Day 6 | Whole Body Routine",https://www.dynamictriathlete.com/products/daily-stretching-mobility-program/categories/2150989048/posts/2166577927
M11D7,"video lesson icon/default Created with Sketch. Day 7 | Passive Routine",https://www.dynamictriathlete.com/products/daily-stretching-mobility-program/categories/2150989048/posts/2166577977
M11D8,"video lesson icon/default Created with Sketch. Day 8 | Whole Body Routine",https://www.dynamictriathlete.com/products/daily-stretching-mobility-program/categories/2150989048/posts/2166577928
M11D9,"video lesson icon/default Created with Sketch. Day 9 | Whole Body Routine",https://www.dynamictriathlete.com/products/daily-stretching-mobility-program/categories/2150989048/posts/2166577931
M11D10,"video lesson icon/default Created with Sketch. Day 10 | Upper Body Routine",https://www.dynamictriathlete.com/products/daily-stretching-mobility-program/categories/2150989048/posts/2166577972
M11D11,"video lesson icon/default Created with Sketch. Day 11 | Whole Body Routine",https://www.dynamictriathlete.com/products/daily-stretching-mobility-program/categories/2150989048/posts/2166577933
M11D12,"video lesson icon/default Created with Sketch. Day 12 | Whole Body Routine",https://www.dynamictriathlete.com/products/daily-stretching-mobility-program/categories/2150989048/posts/2166577935
M11D13,"video lesson icon/default Created with Sketch. Day 13 | Whole Body Routine",https://www.dynamictriathlete.com/products/daily-stretching-mobility-program/categories/2150989048/posts/2166577960
M11D14,"video lesson icon/default Created with Sketch. Day 14 | Passive Routine",https://www.dynamictriathlete.com/products/daily-stretching-mobility-program/categories/2150989048/posts/2166577991
M11D15,"video lesson icon/default Created with Sketch. Day 15 | Lower Body Routine",https://www.dynamictriathlete.com/products/daily-stretching-mobility-program/categories/2150989048/posts/2166577968
M11D16,"video lesson icon/default Created with Sketch. Day 16 | Whole Body Routine",https://www.dynamictriathlete.com/products/daily-stretching-mobility-program/categories/2150989048/posts/2166778941
M11D17,"video lesson icon/default Created with Sketch. Day 17 | Whole Body Routine",https://www.dynamictriathlete.com/products/daily-stretching-mobility-program/categories/2150989048/posts/2166778994
M11D18,"video lesson icon/default Created with Sketch. Day 18 | Whole Body Routine",https://www.dynamictriathlete.com/products/daily-stretching-mobility-program/categories/2150989048/posts/2166778996
M11D19,"video lesson icon/default Created with Sketch. Day 19 | Whole Body Routine",https://www.dynamictriathlete.com/products/daily-stretching-mobility-program/categories/2150989048/posts/2166778997
M11D20,"video lesson icon/default Created with Sketch. Day 20 | Upper Body Routine",https://www.dynamictriathlete.com/products/daily-stretching-mobility-program/categories/2150989048/posts/2166577973
M11D21,"video lesson icon/default Created with Sketch. Day 21 | Passive Routine",https://www.dynamictriathlete.com/products/daily-stretching-mobility-program/categories/2150989048/posts/2166779291
M11D22,"video lesson icon/default Created with Sketch. Day 22 | Whole Body Routine",https://www.dynamictriathlete.com/products/daily-stretching-mobility-program/categories/2150989048/posts/2166779000
M11D23,"video lesson icon/default Created with Sketch. Day 23 | Whole Body Routine",https://www.dynamictriathlete.com/products/daily-stretching-mobility-program/categories/2150989048/posts/2166779001
M11D24,"video lesson icon/default Created with Sketch. Day 24 | Whole Body Routine",https://www.dynamictriathlete.com/products/daily-stretching-mobility-program/categories/2150989048/posts/2166779002
M11D25,"video lesson icon/default Created with Sketch. Day 25 | Lower Body Routine",https://www.dynamictriathlete.com/products/daily-stretching-mobility-program/categories/2150989048/posts/2166577970
M11D26,"video lesson icon/default Created with Sketch. Day 26 | Whole Body Routine",https://www.dynamictriathlete.com/products/daily-stretching-mobility-program/categories/2150989048/posts/2166779004
M11D27,"video lesson icon/default Created with Sketch. Day 27 | Whole Body Routine",https://www.dynamictriathlete.com/products/daily-stretching-mobility-program/categories/2150989048/posts/2166779006
M11D28,"video lesson icon/default Created with Sketch. Day 28 | Passive Routine",https://www.dynamictriathlete.com/products/daily-stretching-mobility-program/categories/2150989048/posts/2166779302
M11D29,"video lesson icon/default Created with Sketch. Day 29 | Whole Body Routine",https://www.dynamictriathlete.com/products/daily-stretching-mobility-program/categories/2150989048/posts/2166779008
M11D30,"video lesson icon/default Created with Sketch. Day 30 | Upper Body Routine",https://www.dynamictriathlete.com/products/daily-stretching-mobility-program/categories/2150989048/posts/2166577974
M12D1,"video lesson icon/default Created with Sketch. Day 1 | Whole Body Routine",https://www.dynamictriathlete.com/products/daily-stretching-mobility-program/categories/2150989049/posts/2167179177
M12D2,"video lesson icon/default Created with Sketch. Day 2 | Whole Body Routine",https://www.dynamictriathlete.com/products/daily-stretching-mobility-program/categories/2150989049/posts/2167179179
M12D3,"video lesson icon/default Created with Sketch. Day 3 | Whole Body Routine",https://www.dynamictriathlete.com/products/daily-stretching-mobility-program/categories/2150989049/posts/2167179181
M12D4,"video lesson icon/default Created with Sketch. Day 4 | Whole Body Routine",https://www.dynamictriathlete.com/products/daily-stretching-mobility-program/categories/2150989049/posts/2167179183
M12D5,"video lesson icon/default Created with Sketch. Day 5 | Lower Body Routine",https://www.dynamictriathlete.com/products/daily-stretching-mobility-program/categories/2150989049/posts/2167179191
M12D6,"video lesson icon/default Created with Sketch. Day 6 | Whole Body Routine",https://www.dynamictriathlete.com/products/daily-stretching-mobility-program/categories/2150989049/posts/2167179184
M12D7,"video lesson icon/default Created with Sketch. Day 7 | Passive Routine",https://www.dynamictriathlete.com/products/daily-stretching-mobility-program/categories/2150989049/posts/2167179204
M12D8,"video lesson icon/default Created with Sketch. Day 8 | Whole Body Routine",https://www.dynamictriathlete.com/products/daily-stretching-mobility-program/categories/2150989049/posts/2167179185
M12D9,"video lesson icon/default Created with Sketch. Day 9 | Whole Body Routine",https://www.dynamictriathlete.com/products/daily-stretching-mobility-program/categories/2150989049/posts/2167179186
M12D10,"video lesson icon/default Created with Sketch. Day 10 | Upper Body Routine",https://www.dynamictriathlete.com/products/daily-stretching-mobility-program/categories/2150989049/posts/2167179197
M12D11,"video lesson icon/default Created with Sketch. Day 11 | Whole Body Routine",https://www.dynamictriathlete.com/products/daily-stretching-mobility-program/categories/2150989049/posts/2167179187
M12D12,"video lesson icon/default Created with Sketch. Day 12 | Whole Body Routine",https://www.dynamictriathlete.com/products/daily-stretching-mobility-program/categories/2150989049/posts/2167179188
M12D13,"video lesson icon/default Created with Sketch. Day 13 | Whole Body Routine",https://www.dynamictriathlete.com/products/daily-stretching-mobility-program/categories/2150989049/posts/2167179190
M12D14,"video lesson icon/default Created with Sketch. Day 14 | Passive Routine",https://www.dynamictriathlete.com/products/daily-stretching-mobility-program/categories/2150989049/posts/2167179207
M12D15,"video lesson icon/default Created with Sketch. Day 15 | Lower Body Routine",https://www.dynamictriathlete.com/products/daily-stretching-mobility-program/categories/2150989049/posts/2167179193
M12D16,"video lesson icon/default Created with Sketch. Day 16 | Whole Body Routine",https://www.dynamictriathlete.com/products/daily-stretching-mobility-program/categories/2150989049/posts/2167316484
M12D17,"video lesson icon/default Created with Sketch. Day 17 | Whole Body Routine",https://www.dynamictriathlete.com/products/daily-stretching-mobility-program/categories/2150989049/posts/2167316490
M12D18,"video lesson icon/default Created with Sketch. Day 18 | Whole Body Routine",https://www.dynamictriathlete.com/products/daily-stretching-mobility-program/categories/2150989049/posts/2167316494
M12D19,"video lesson icon/default Created with Sketch. Day 19 | Whole Body Routine",https://www.dynamictriathlete.com/products/daily-stretching-mobility-program/categories/2150989049/posts/2167316498
M12D20,"video lesson icon/default Created with Sketch. Day 20 | Upper Body Routine",https://www.dynamictriathlete.com/products/daily-stretching-mobility-program/categories/2150989049/posts/2167179198
M12D21,"video lesson icon/default Created with Sketch. Day 21 | Passive Routine",https://www.dynamictriathlete.com/products/daily-stretching-mobility-program/categories/2150989049/posts/2167316552
M12D22,"video lesson icon/default Created with Sketch. Day 22 | Whole Body Routine",https://www.dynamictriathlete.com/products/daily-stretching-mobility-program/categories/2150989049/posts/2167316501
M12D23,"video lesson icon/default Created with Sketch. Day 23 | Whole Body Routine",https://www.dynamictriathlete.com/products/daily-stretching-mobility-program/categories/2150989049/posts/2167316504
M12D24,"video lesson icon/default Created with Sketch. Day 24 | Whole Body Routine",https://www.dynamictriathlete.com/products/daily-stretching-mobility-program/categories/2150989049/posts/2167316507
M12D25,"video lesson icon/default Created with Sketch. Day 25 | Lower Body Routine",https://www.dynamictriathlete.com/products/daily-stretching-mobility-program/categories/2150989049/posts/2167179195
M12D26,"video lesson icon/default Created with Sketch. Day 26 | Whole Body Routine",https://www.dynamictriathlete.com/products/daily-stretching-mobility-program/categories/2150989049/posts/2167316510
M12D27,"video lesson icon/default Created with Sketch. Day 27 | Whole Body Routine",https://www.dynamictriathlete.com/products/daily-stretching-mobility-program/categories/2150989049/posts/2167316544
M12D28,"video lesson icon/default Created with Sketch. Day 28 | Passive Routine",https://www.dynamictriathlete.com/products/daily-stretching-mobility-program/categories/2150989049/posts/2167316555
M12D29,"video lesson icon/default Created with Sketch. Day 29 | Whole Body Routine",https://www.dynamictriathlete.com/products/daily-stretching-mobility-program/categories/2150989049/posts/2167316547
M12D30,"video lesson icon/default Created with Sketch. Day 30 | Upper Body Routine",https://www.dynamictriathlete.com/products/daily-stretching-mobility-program/categories/2150989049/posts/2167179201
M13D1,"video lesson icon/default Created with Sketch. Day 1 | Whole Body Routine",https://www.dynamictriathlete.com/products/daily-stretching-mobility-program/categories/2153309643/posts/2169423899
M13D2,"video lesson icon/default Created with Sketch. Day 2 | Whole Body Routine",https://www.dynamictriathlete.com/products/daily-stretching-mobility-program/categories/2153309643/posts/2169423901
M13D3,"video lesson icon/default Created with Sketch. Day 3 | Whole Body Routine",https://www.dynamictriathlete.com/products/daily-stretching-mobility-program/categories/2153309643/posts/2169423902
M13D4,"video lesson icon/default Created with Sketch. Day 4 | Whole Body Routine",https://www.dynamictriathlete.com/products/daily-stretching-mobility-program/categories/2153309643/posts/2169423904
M13D5,"video lesson icon/default Created with Sketch. Day 5 | Lower Body Routine",https://www.dynamictriathlete.com/products/daily-stretching-mobility-program/categories/2153309643/posts/2169423918
M13D6,"video lesson icon/default Created with Sketch. Day 6 | Whole Body Routine",https://www.dynamictriathlete.com/products/daily-stretching-mobility-program/categories/2153309643/posts/2169423905
M13D7,"video lesson icon/default Created with Sketch. Day 7 | Passive Routine",https://www.dynamictriathlete.com/products/daily-stretching-mobility-program/categories/2153309643/posts/2169423932
M13D8,"video lesson icon/default Created with Sketch. Day 8 | Whole Body Routine",https://www.dynamictriathlete.com/products/daily-stretching-mobility-program/categories/2153309643/posts/2169423907
M13D9,"video lesson icon/default Created with Sketch. Day 9 | Whole Body Routine",https://www.dynamictriathlete.com/products/daily-stretching-mobility-program/categories/2153309643/posts/2169423910
M13D10,"video lesson icon/default Created with Sketch. Day 10 | Upper Body Routine",https://www.dynamictriathlete.com/products/daily-stretching-mobility-program/categories/2153309643/posts/2169423924
M13D11,"video lesson icon/default Created with Sketch. Day 11 | Whole Body Routine",https://www.dynamictriathlete.com/products/daily-stretching-mobility-program/categories/2153309643/posts/2169423912
M13D12,"video lesson icon/default Created with Sketch. Day 12 | Whole Body Routine",https://www.dynamictriathlete.com/products/daily-stretching-mobility-program/categories/2153309643/posts/2169423914
M13D13,"video lesson icon/default Created with Sketch. Day 13 | Whole Body Routine",https://www.dynamictriathlete.com/products/daily-stretching-mobility-program/categories/2153309643/posts/2169423916
M13D14,"video lesson icon/default Created with Sketch. Day 14 | Passive Routine",https://www.dynamictriathlete.com/products/daily-stretching-mobility-program/categories/2153309643/posts/2169423933
M13D15,"video lesson icon/default Created with Sketch. Day 15 | Lower Body Routine",https://www.dynamictriathlete.com/products/daily-stretching-mobility-program/categories/2153309643/posts/2169423922
M13D16,"video lesson icon/default Created with Sketch. Day 16 | Whole Body Routine",https://www.dynamictriathlete.com/products/daily-stretching-mobility-program/categories/2153309643/posts/2169663452
M13D17,"video lesson icon/default Created with Sketch. Day 17 | Whole Body Routine",https://www.dynamictriathlete.com/products/daily-stretching-mobility-program/categories/2153309643/posts/2169663462
M13D18,"video lesson icon/default Created with Sketch. Day 18 | Whole Body Routine",https://www.dynamictriathlete.com/products/daily-stretching-mobility-program/categories/2153309643/posts/2169663491
M13D19,"video lesson icon/default Created with Sketch. Day 19 | Whole Body Routine",https://www.dynamictriathlete.com/products/daily-stretching-mobility-program/categories/2153309643/posts/2169663538
M13D20,"video lesson icon/default Created with Sketch. Day 20 | Upper Body Routine",https://www.dynamictriathlete.com/products/daily-stretching-mobility-program/categories/2153309643/posts/2169423928
M13D21,"video lesson icon/default Created with Sketch. Day 21 | Passive Routine",https://www.dynamictriathlete.com/products/daily-stretching-mobility-program/categories/2153309643/posts/2169663934
M13D22,"video lesson icon/default Created with Sketch. Day 22 | Whole Body Routine",https://www.dynamictriathlete.com/products/daily-stretching-mobility-program/categories/2153309643/posts/2169663553
M13D23,"video lesson icon/default Created with Sketch. Day 23 | Whole Body Routine",https://www.dynamictriathlete.com/products/daily-stretching-mobility-program/categories/2153309643/posts/2169663661
M13D24,"video lesson icon/default Created with Sketch. Day 24 | Whole Body Routine",https://www.dynamictriathlete.com/products/daily-stretching-mobility-program/categories/2153309643/posts/2169663687
M13D25,"video lesson icon/default Created with Sketch. Day 25 | Lower Body Routine",https://www.dynamictriathlete.com/products/daily-stretching-mobility-program/categories/2153309643/posts/2169423923
M13D26,"video lesson icon/default Created with Sketch. Day 26 | Whole Body Routine",https://www.dynamictriathlete.com/products/daily-stretching-mobility-program/categories/2153309643/posts/2169663717
M13D27,"video lesson icon/default Created with Sketch. Day 27 | Whole Body Routine",https://www.dynamictriathlete.com/products/daily-stretching-mobility-program/categories/2153309643/posts/2169663770
M13D28,"video lesson icon/default Created with Sketch. Day 28 | Passive Routine",https://www.dynamictriathlete.com/products/daily-stretching-mobility-program/categories/2153309643/posts/2169663973
M13D29,"video lesson icon/default Created with Sketch. Day 29 | Whole Body Routine",https://www.dynamictriathlete.com/products/daily-stretching-mobility-program/categories/2153309643/posts/2169663809
M13D30,"video lesson icon/default Created with Sketch. Day 30 | Upper Body Routine",https://www.dynamictriathlete.com/products/daily-stretching-mobility-program/categories/2153309643/posts/2169423929
