Maand,Dag,Routine naam,Totaal duur,Oefeningen
1,1,Whole Body Routine,16:34,5 Point Sumo Stretch • Chest & Back Fly • Standing Side Stretch • Dynamic Forward Fold • Tabletop Thoracic Twist • Dynamic Frog Stretch • Seated Glute Stretch • Dynamic Seated Split • Modified Pigeon Stretch • Seated Butterfly with Neck Stretch • Bodyweight Calf Release
1,2,Calf & Ankle Focus,16:52,High Lunge Calf Stretch • 5 Point Sumo Stretch • Calf Stretch (using a wall) • Seated Quad Stretch (optional Side Lying Quad Stretch) • Dynamic Downward Dog • Foot and Calf Stretch • Dynamic Gate Pose • Bodyweight Calf Release • Reclined Criss Cross
1,3,Dynamic Active Routine,17:06,Standing Shoulder Stretch • High Lunge Calf Stretch • Elevated Crossover Stretch • Dynamic Crossover Stretch • Reverse Prayer Pose • Side Bend (using a wall) • Thoracic Spine Rotation • Low Lunge with a Chest Stretch • Dynamic Frog Stretch • Seated Twist and Tuck
1,4,Hip Opener,16:06,Dynamic High Lunge • Low Lunge Lean • Dynamic Frog Stretch • Low Lunge with a Chest Stretch • Dynamic Gate Pose • Modified Pigeon Stretch • 90/90 Stretch • Reclined Crisscross
1,5,Whole Body Routine,15:34,High Lunge Calf Stretch • Thoracic Spine Rotation • Dynamic Overhead Sequence • Dynamic Crossover Stretch • Standing Quad Stretch • Chest Stretch (using a wall) • Figure Four (using a wall) • Low Lunge Twist • 90/90 Stretch
1,6,Glutes & Groin Focus,15:44,Dynamic Frog Stretch • Seated Glute Stretch • Adductor Drop • Seated Twist and Tuck • Reclined Crisscross • Dynamic Seated Split • Seated Butterfly with a Neck Stretch • Lying Glute Stretch • Figure Four Stretch (using a wall)
1,7,Upper Body Focus,16:39,Chest and Back Fly • Elevated Crossover Stretch • Standing Side Stretch • Dynamic Forward Fold • Side Bend (using a wall) • Tabletop Thoracic Twist • Dynamic Downward Dog • Low Lunge with a Chest Stretch • Pretzel Quad Stretch • Seated Butterfly with a Neck Stretch
1,8,Leg Focus,17:50,High Lunge Calf Stretch • Dynamic Downward Dog • Low Lunge Lean • Seated Glute Stretch • Lifted Hamstring Stretch (using a strap) • Pretzel Quad Stretch • Foot and Calf Stretch • Modified Pigeon Stretch • Adductor Drop • Figure Four (using a wall)
1,9,Tension Release,16:27,Chest Stretch (using a wall) • Standing Side Stretch • Standing Quad Stretch • Figure Four (using a wall) • Low Lunge with a Chest Stretch • Seated Quad Stretch • Kneeling Wrist Sequence • Bodyweight Calf Release • Seated Butterfly with a Neck Stretch
1,10,Whole Body Routine,16:40,Dynamic Cactus • Elevated Crossover Stretch • Dynamic High Lunge • Low Lunge Twist • Lifted Hamstring Stretch (using a strap) • Pretzel Quad Stretch • Reclined Criss Cross • Bodyweight Calf Release • Foot and Calf Stretch
1,11,Upper Body Focus,17:22,5 Point Sumo Stretch • Dynamic Crossover Stretch • Standing Shoulder Stretch • Dynamic Overhead Sequence • Reverse Prayer Pose • Thoracic Spine Rotation • Low Lunge with a Chest Stretch • Dynamic Seated Split • Kneeling Wrist Sequence • Low Lunge Twist • Seated Twist and Tuck
1,12,Spine Reset,15:46,Chest and Back Fly • 5 Point Sumo Stretch • Dynamic Overhead Sequence • Thoracic Spine Rotation • Reverse Prayer Pose • Low Lunge Twist • Seated Twist and Tuck • Lying Glute Stretch • Seated Butterfly with a Neck Stretch
1,13,Hamstring & Quad Focus,15:41,Dynamic Crossover Stretch • Standing Quad Stretch • Low Lunge Lean • Dynamic Downward Dog • Dynamic Gate Pose • Foot and Calf Stretch • Dynamic Hamstring Hook (using a strap) • Modified Pigeon Stretch • 90/90 Stretch
1,14,Tension Release,15:34,Dynamic Downward Dog • 90/90 Stretch • Adductor Drop • Lying Glute Stretch • Modified Pigeon Stretch • Foot and Calf Stretch • Lifted Hamstring Stretch (using a strap) • Seated Butterfly with a Neck Stretch • Reclined Crisscross
1,15,Whole Body Routine,17:13,Calf Stretch (using a wall) • Side Bend (using a wall) • 5 Point Sumo Stretch • Standing Shoulder Stretch • Dynamic Hamstring Hook (using a strap) • Figure Four (using a wall) • Tabletop Thoracic Twist • Dynamic Frog Stretch • Low Lunge with a Chest Stretch
1,16,Spine Reset,15:52,Dynamic Cactus • Dynamic Forward Fold • Dynamic Overhead Sequence • Elevated Crossover Stretch • Chest Stretch (using a wall) • Side Bend (using a wall) • Low Lunge Lean • Tabletop Thoracic Twist • Dynamic Seated Split • Seated Butterfly with a Neck Stretch
1,17,Upper Body Focus,16:31,Chest and Back Fly • Thoracic Spine Rotation • Standing Shoulder Stretch • Dynamic Cactus • Dynamic Forward Fold • Chest Stretch (using a wall) • Dynamic Downward Dog • Low Lunge Lean • Kneeling Wrist Sequence • Seated Glute Stretch • Seated Butterfly with a Neck Stretch
1,18,Calf & Ankle,16:52,High Lunge Calf Stretch • 5 Point Sumo Stretch • Calf Stretch (using a wall) • Seated Quad Stretch (optional Side Lying Quad Stretch) • Dynamic Downward Dog • Foot and Calf Stretch • Dynamic Gate Pose • Bodyweight Calf Release • Reclined Criss Cross
1,19,Dynamic Active Routine,17:06,Standing Shoulder Stretch • High Lunge Calf Stretch • Elevated Crossover Stretch • Dynamic Crossover Stretch • Reverse Prayer Pose • Side Bend (using a wall) • Thoracic Spine Rotation • Low Lunge with a Chest Stretch • Dynamic Frog Stretch • Seated Twist and Tuck
1,20,Hip Opener,16:06,Dynamic High Lunge • Low Lunge Lean • Dynamic Frog Stretch • Low Lunge with a Chest Stretch • Dynamic Gate Pose • Modified Pigeon Stretch • 90/90 Stretch • Reclined Crisscross
1,21,Whole Body Routine,15:34,High Lunge Calf Stretch • Thoracic Spine Rotation • Dynamic Overhead Sequence • Dynamic Crossover Stretch • Standing Quad Stretch • Chest Stretch (using a wall) • Figure Four (using a wall) • Low Lunge Twist • 90/90 Stretch
1,22,Glutes & Groin Focus,15:44,Dynamic Frog Stretch • Seated Glute Stretch • Adductor Drop • Seated Twist and Tuck • Reclined Crisscross • Dynamic Seated Split • Seated Butterfly with a Neck Stretch • Lying Glute Stretch • Figure Four Stretch (using a wall)
1,23,Upper Body Focus,16:39,Chest and Back Fly • Elevated Crossover Stretch • Standing Side Stretch • Dynamic Forward Fold • Side Bend (using a wall) • Tabletop Thoracic Twist • Dynamic Downward Dog • Low Lunge with a Chest Stretch • Pretzel Quad Stretch • Seated Butterfly with a Neck Stretch
1,24,Leg Focus,17:50,High Lunge Calf Stretch • Dynamic Downward Dog • Low Lunge Lean • Seated Glute Stretch • Lifted Hamstring Stretch (using a strap) • Pretzel Quad Stretch • Foot and Calf Stretch • Modified Pigeon Stretch • Adductor Drop • Figure Four (using a wall)
1,25,Tension Release,16:27,Chest Stretch (using a wall) • Standing Side Stretch • Standing Quad Stretch • Figure Four (using a wall) • Low Lunge with a Chest Stretch • Seated Quad Stretch • Kneeling Wrist Sequence • Bodyweight Calf Release • Seated Butterfly with a Neck Stretch
1,26,Whole Body Routine,16:40,Dynamic Cactus • Elevated Crossover Stretch • Dynamic High Lunge • Low Lunge Twist • Lifted Hamstring Stretch (using a strap) • Pretzel Quad Stretch • Reclined Criss Cross • Bodyweight Calf Release • Foot and Calf Stretch
1,27,Upper Body Focus,17:22,5 Point Sumo Stretch • Dynamic Crossover Stretch • Standing Shoulder Stretch • Dynamic Overhead Sequence • Reverse Prayer Pose • Thoracic Spine Rotation • Low Lunge with a Chest Stretch • Dynamic Seated Split • Kneeling Wrist Sequence • Low Lunge Twist • Seated Twist and Tuck
1,28,Spine Reset,15:46,"Dynamic Cactus • Dynamic Forward Fold • Dynamic Overhead Sequence • Elevated Crossover Stretch • Chest Stretch with a Wall • Side Bend with a Wall • Low Lunge Lean • Tabletop Thoracic Twist • Dynamic Seated Split • Seated Butterfly with Neck Stretch • If you have any questions about this routine or your membership, please contact us at: contact@dynamictriathlete.com"
2,1,Whole Body Routine,17:18,Quad Stretch Arm Extension • Forward Fold Extension • Dynamic Overhead Raise (using a pole/broomstick) • Dynamic Hip Circles (using a pole/broomstick) • Low Lunge - Lizard • Cat - Cow - Frog • Figure Four Sequence • Eagle Arms - Chest Opener
2,2,Upper Body Focus,16:35,Overhead Side Bends (using a pole/broomstick) • Low Lunge - Hamstring Stretch • Downward Dog - Puppy Pose • Thread the Needle to Childs Pose • Seated Twist Sequence • Eagle Arms - Chest Opener • Neck Sequence • Upper Back Release (using a foam roller)
2,3,Lower Body Focus,19:48,Standing Straddle to Side Lunge • Quad Stretch to Arm Extension • Low Lunge - Lizard • Figure Four Sequence • Hamstring Hook Sequence • Roll TFL (using a massage ball) • Roll Calves (using a massage ball)
2,4,Hip Opener,17:19,High Lunge - Warrior • Dynamic Hip Circles • Low Lunge - Lizard • Butterfly Sequence • Seated Four Hamstring Stretch • Pigeon Pose • Roll TFL (using a massage ball)
2,5,Whole Body Routine,16:11,Full Body Opener • Downward Dog - Puppy Pose • Pigeon Pose • Thread the Needle to Childs Pose • Wrist Sequence • Roll Quads (using a foam roller) • Upper Back Release (using a foam roller)
2,6,Dynamic Active Routine,15:32,Full Body Opener • Quad Stretch Arm Extension • Gate Pose Sequence • Low Lunge Hamstring Stretch • Downward Dog - Puppy Pose • Thread the Needle to Childs Pose • Eagle Arms- Chest Opener
2,7,Tension Release,16:27,Butterfly Sequence • Seated Four - Hamstring Stretch • Seated Twist Sequence • Neck Sequence • Wrist Sequence • Roll Hamstrings (using a foam roller) • Roll Quads ( using a massage ball)
2,8,Whole Body Routine,16:11,High Lunge - Warrior • Standing Straddle to Side Lunge • Quad Stretch Arm Extension • Gate Pose Sequence • Neck Sequence • Lower Twist - Knee Hug • Roll Calves (using a massage ball)
2,9,Spine Reset,16:42,Overhead Side Bends (using a pole/broomstick) • Forward Fold Extension • Downward Dog - Puppy Pose • Gate Pose Sequence • Butterfly Sequence • Eagle Arms - Chest Opener • Neck Sequence • Lower Twist - Knee Hug • Upper Back Release (using a foam roller)
2,10,Hamstring & Quad,16:17,Quad Stretch Arm Extension • Forward Fold Extension • Downward Dog - Puppy Pose • Gate Pose Sequence • Butterfly Sequence • Seated Four - Hamstring Stretch • Roll TFL (using a massage ball) • Roll Calves (using a massage ball)
2,11,Upper Body Focus,16:50,Cat - Cow - Frog • Eagle Arms - Chest Opener • Butterfly Sequence • Low Lunge - Hamstring Stretch • Lower Twist - Knee Hug • Neck Sequence • Wrist Sequence • Upper Back release (using a foam roller)
2,12,Dynamic Active Routine 2,15:32,Full Body Opener • Quad Stretch Arm Extension • Gate Pose Sequence • Low Lunge Hamstring Stretch • Downward Dog - Puppy Pose • Thread the Needle to Childs Pose • Eagle Arms- Chest Opener
2,13,Glutes & Groin,15:10,Standing Straddle to Side Lunge • Cat - Cow - Frog • Seated Twist Sequence • Butterfly Sequence • Figure Four Sequence • Lower Twist - Knee Hug
2,14,Whole Body Routine,16:30,Overhead Side Bends (pole/broomstick) • Dynamic Overhead Raise (pole/broomstick) • Low Lunge - Hamstring Stretch • Seated Twist Sequence • Eagle Arms - Chest Opener • Neck Sequence • Roll TFL (using a massage ball) • Roll Hamstring (using a foam roller)
2,15,Spine Reset,16:39,Full Body Opener • Dynamic Overhead Raise (using a pole/broomstick) • Low Lunge - Hamstring Stretch • Cat - Cow - Frog • Thread the Needle to Childs Pose • Seated Twist Sequence • Upper Back Release (using a foam roller)
2,16,Lower Body Focus,16:40,High Lunge to Warrior Pose • Dynamic Hip Circles • Seated Four - Hamstring Stretch • Pigeon Pose • Lower Twist - Knee Hug • Roll Quads • Roll Hamstrings
2,17,Hamstring & Quad,19:13,High Lunge - Warrior • Low Lunge - Hamstring Stretch • Lower Twist - Knee Hug • Hamstring Hook Sequence (using a strap) • Roll Quads (using a foam roller) • Roll Hamstrings (using a foam roller) • Roll Calves (using a foam roller)
2,18,Hip Opener,17:19,High Lunge - Warrior • Dynamic Hip Circles • Low Lunge - Lizard • Butterfly Sequence • Seated Four Hamstring Stretch • Pigeon Pose • Roll TFL (using a massage ball)
2,19,Whole Body Routine,17:34,Forward Fold Extension • Low Lunge - Lizard • Thread the Needle to Childs Pose • Wrist Sequence • Butterfly Sequence • Hamstring Hook Sequence • Upper Back Release
2,20,Upper Body Focus,16:35,Overhead Side Bends (using a pole/broomstick) • Low Lunge - Hamstring Stretch • Downward Dog - Puppy Pose • Thread the Needle to Childs Pose • Seated Twist Sequence • Eagle Arms - Chest Opener • Neck Sequence • Upper Back Release (using a foam roller)
2,21,Tension Release,17:24,Standing Straddle to Side Lunge • Forward Fold Extension • Pigeon Pose • Figure Four Sequence • Hamstring Hook Sequence • Lower Twist - Knee Hug
2,22,Lower Body Focus,19:48,Standing Straddle to Side Lunge • Quad Stretch to Arm Extension • Low Lunge - Lizard • Figure Four Sequence • Hamstring Hook Sequence • Roll TFL (using a massage ball) • Roll Calves (using a massage ball)
2,23,Hamstring & Quad,16:17,Quad Stretch Arm Extension • Forward Fold Extension • Downward Dog - Puppy Pose • Gate Pose Sequence • Butterfly Sequence • Seated Four - Hamstring Stretch • Roll TFL (using a massage ball) • Roll Calves (using a massage ball)
2,24,Whole Body Routine,17:18,Quad Stretch Arm Extension • Forward Fold Extension • Dynamic Overhead Raise (using a pole/broomstick) • Dynamic Hip Circles (using a pole/broomstick) • Low Lunge - Lizard • Cat - Cow - Frog • Figure Four Sequence • Eagle Arms - Chest Opener
2,25,Spine Reset,16:42,Overhead Side Bends (using a pole/broomstick) • Forward Fold Extension • Downward Dog - Puppy Pose • Gate Pose Sequence • Butterfly Sequence • Eagle Arms - Chest Opener • Neck Sequence • Lower Twist - Knee Hug • Upper Back Release (using a foam roller)
2,26,Dynamic Active Routine,15:32,Full Body Opener • Quad Stretch Arm Extension • Gate Pose Sequence • Low Lunge Hamstring Stretch • Downward Dog - Puppy Pose • Thread the Needle to Childs Pose • Eagle Arms- Chest Opener
2,27,Glutes & Groin,15:10,Standing Straddle to Side Lunge • Cat - Cow - Frog • Seated Twist Sequence • Butterfly Sequence • Figure Four Sequence • Lower Twist - Knee Hug
2,28,Tension Release,16:27,Butterfly Sequence • Seated Four - Hamstring Stretch • Seated Twist Sequence • Neck Sequence • Wrist Sequence • Roll Hamstrings (using a foam roller) • Roll Quads ( using a massage ball)
3,1,Whole Body Routine,16:19,Dynamic Quad Stretch • Forward Fold • Upper Body Stretch • Dynamic Seated Split • Dynamic Lower Twist • Lateral Neck Stretch • Finger Stretches • Dynamic Supine Figure Four • Scorpion
3,2,Lower Body Focus,14:25,Standing Calf Stretch • Dynamic Center Stretch • Kneeling Achilles & Calf Stretch • Hero Pose • Hip Sways • Dynamic Downward Dog • Dynamic Supine Figure Four • Psoas Stretch (using a foam roller)
3,3,Upper Body Focus,15:38,Dynamic External Rotation • Tricep Stretch (using a strap) • Seated Chest Stretch (using a chair) • Supine Crossover • Dynamic Lower Twist • Releasing Lats (using a foam roller) • Kneeling Wrist Sequence • Finger Stretches
3,4,Glutes & Groin Focus,14:55,Dynamic Center Stretch • Runners Lunge • Dynamic Seated Split • Supine Single Leg Butterfly • Dynamic Supine Figure Four • Hip Sways • Happy Baby Sequence • Butterfly Stretch with a wall
3,5,Dynamic Active Routine,15:47,Dynamic Quad Stretch • Wrist Sequence • Dynamic External Rotation • Tricep Stretch (using a strap) • Dynamic Low Lunge Rotation • Dynamic Downward Dog • Dynamic Supine Figure Four • Dynamic Lower Twist
3,6,Hip Opener,15:07,Dynamic Center Stretch • High Lunge with Chest Stretch • Dynamic Ninja • Pretzel Stretch • Hip Sways • Dynamic Seated Split • Supine Single Leg Butterfly • Psoas Stretch (using a foam roller)
3,7,Hamstring & Quad Focus,14:28,Forward Fold • Assisted Low Lunge with a chair • Runners Lunge • Dynamic Downward Dog • Dynamic Seated Split • Dynamic Lower Twist • Pretzel Stretch
3,8,Whole Body Routine,14:20,Dynamic Side Bends • Standing Calf Stretch • Dynamic Ninja • Spine Twist (using a chair) • Pretzel Stretch • Supine Single Leg Butterfly • Psoas Stretch (using a foam roller)
3,9,Spine Reset,15:02,Dynamic Side Bends • Forward Fold • Spine Twist (using a chair) • Dynamic Low Lunge Rotation • Thread the Needle • Scorpion • Happy Baby Sequence • Childs Pose Rotation
3,10,Lower Body Focus,15:38,Hip Hinge Toe Grab • Dynamic Ninja • Assisted Low Lunge (using a chair) • Hamstring Stretch (using a chair) • Runners Lunge • Dynamic Seated Split • Supine Single Leg Butterfly
3,11,Upper Body Focus,14:59,Dynamic Side Bends • Wrist Sequence • Spine Twist (using a chair) • Dynamic Low Lunge Rotation • Lifted Child's Pose (using a block) • Thread the Needle • Lateral Neck Stretch • Childs Pose Rotation
3,12,Whole Body Routine,15:55,Dynamic External Rotation • Dynamic Center Stretch • Seated Chest Stretch (using a chair) • Seated Dynamic Side Bends • Hip Sways • Hero Pose • Dynamic Downward Dog • Happy Baby Sequence • Releasing Lats (using a foam roller) • Childs Pose Rotation
3,13,Tension Release,15:42,"Hamstring Stretch (using a chair) • Quad Stretch (using a wall, optional to use cloth/cushion) • Butterfly Stretch (using a wall) • Lateral Neck Stretch • Kneeling Achilles & Calf Stretch • Scorpion • Kneeling Wrist Sequence • Childs Pose Rotation"
3,14,Hamstring & Quad Focus,15:48,Dynamic Quad Stretch • Dynamic Ninja • Hamstring Stretch with a chair • Hero Pose • Hip Sways • Happy Baby Sequence • Quad Stretch with a wall • Psoas Stretch with a roller
3,15,Glutes & Groin Focus,14:55,Dynamic Center Stretch • Runners Lunge • Dynamic Seated Split • Supine Single Leg Butterfly • Dynamic Supine Figure Four • Hip Sways • Happy Baby Sequence • Butterfly Stretch with a wall
3,16,Hip Opener,15:07,Dynamic Center Stretch • High Lunge with Chest Stretch • Dynamic Ninja • Pretzel Stretch • Hip Sways • Dynamic Seated Split • Supine Single Leg Butterfly • Psoas Stretch (using a foam roller)
3,17,Dynamic Active Routine,15:47,Dynamic Quad Stretch • Wrist Sequence • Dynamic External Rotation • Tricep Stretch (using a strap) • Dynamic Low Lunge Rotation • Dynamic Downward Dog • Dynamic Supine Figure Four • Dynamic Lower Twist
3,18,Whole Body Routine,16:53,Hip Hinge Toe Grab • High Lunge with Chest Stretch • Tricep Stretch (using a strap) • Lifted Child's Pose (using a block) • Supine Crossover • Kneeling Wrist Sequence • Quad Stretch (using a wall) • Butterfly Stretch (using a wall)
3,19,Lower Body Focus,14:25,Standing Calf Stretch • Dynamic Center Stretch • Kneeling Achilles & Calf Stretch • Hero Pose • Hip Sways • Dynamic Downward Dog • Dynamic Supine Figure Four • Psoas Stretch (using a foam roller)
3,20,Spine Reset,16:00,Tricep Stretch (using a strap) • Seated Dynamic Side Bends • Lateral Neck Stretch • Kneeling Achilles & Calf Stretch • Runners Lunge • Dynamic Lower Twist • Supine Crossover • Lifted Child's Pose (using a block)
3,21,Hamstring & Quad Focus,14:28,Forward Fold • Assisted Low Lunge with a chair • Runners Lunge • Dynamic Downward Dog • Dynamic Seated Split • Dynamic Lower Twist • Pretzel Stretch
3,22,Tension Release,13:59,Hip Hinge Toe Grab • Seated Chest Stretch (using a chair) • Assisted Low Lunge (using a chair) • Supine Single Leg Butterfly • Pretzel Stretch • Lifted Child's Pose (using a block)
3,23,Upper Body Focus,15:38,Dynamic External Rotation • Tricep Stretch (using a strap) • Seated Chest Stretch (using a chair) • Supine Crossover • Dynamic Lower Twist • Releasing Lats (using a foam roller) • Kneeling Wrist Sequence • Finger Stretches
3,24,Whole Body Routine,15:55,Dynamic External Rotation • Dynamic Center Stretch • Seated Chest Stretch (using a chair) • Seated Dynamic Side Bends • Hip Sways • Hero Pose • Dynamic Downward Dog • Happy Baby Sequence • Releasing Lats (using a foam roller) • Childs Pose Rotation
3,25,Hip Opener,15:07,Dynamic Center Stretch • High Lunge with Chest Stretch • Dynamic Ninja • Pretzel Stretch • Hip Sways • Dynamic Seated Split • Supine Single Leg Butterfly • Psoas Stretch (using a foam roller)
3,26,Spine Reset,16:00,Tricep Stretch (using a strap) • Seated Dynamic Side Bends • Lateral Neck Stretch • Kneeling Achilles & Calf Stretch • Runners Lunge • Dynamic Lower Twist • Supine Crossover • Lifted Child's Pose (using a block)
3,27,Tension Release,15:42,"Hamstring Stretch (using a chair) • Quad Stretch (using a wall, optional to use cloth/cushion) • Butterfly Stretch (using a wall) • Lateral Neck Stretch • Kneeling Achilles & Calf Stretch • Scorpion • Kneeling Wrist Sequence • Childs Pose Rotation"
3,28,Dynamic Active Routine,15:47,Dynamic Quad Stretch • Wrist Sequence • Dynamic External Rotation • Tricep Stretch (using a strap) • Dynamic Low Lunge Rotation • Dynamic Downward Dog • Dynamic Supine Figure Four • Dynamic Lower Twist
4,1,Whole Body Routine,16:55,Dynamic Cactus • Standing Side Body Stretch • Chest Stretch with a wall • Calf Stretch with a wall • Dynamic Wrist Sequence • Standing Tricep Stretch • Dynamic Downward Dog • Low Lunge Quad Stretch • Dynamic Seated Hamstring Stretch • Lat Stretch with a foam roller • Roll Quads with a foam roller
4,2,Leg Focus,16:14,Lunge Quad Stretch with a chair • Hamstring Stretch with a chair • Calf Stretch with a wall • Dynamic Half Star • Low Lunge Quad Stretch • Dynamic Downward Dog • Dynamic Seated Hamstring Stretch • 90/90 Quad Stretch • Roll Quads with a foam roller
4,3,Upper Body Focus,15:54,Dynamic Prayer Stretch • Standing Tricep Stretch • 90 Shoulder Stretch • Elevated Lat Stretch • Chest & Shoulder Stretch with a chair • Standing Side Body Stretch • Dynamic Chest Stretch • Neck Sequence • Dynamic Kneeling Chest Stretch • Roll Biceps with a ball • Roll Lats with a foam roller
4,4,Spine Reset,16:15,Shoulder Stretch with a pole • Standing Side Body Stretch • Dynamic Star • Dynamic Chest Stretch • 90 Shoulder Stretch • Elevated Lat Stretch • Chest & Shoulder Stretch with a chair • Dynamic Kneeling Chest Stretch • Dynamic Cobra • Childs Pose with Lat Stretch • Supine Twist • Roll Lats with a foam roller
4,5,Dynamic Active Routine,17:17,Dynamic Cactus • Dynamic Hamstring to Hip Stretch • Dynamic Prayer Stretch • Shoulder Stretch with a pole • Dynamic Chest Stretch • Low Lunge Quad Stretch • Roll Lats with a foam roller • Dynamic Cobra • Roll Biceps with a ball • Roll Forearms with a ball • Supine Twist
4,6,Hamstring & Quad,16:59,Dynamic Star • Dynamic Hamstring to Hip Stretch • Lunge Quad Stretch with a chair • Hamstring Stretch with a chair • Calf Stretch with a wall • 90/90 Quad Stretch • Dynamic Downward Dog • Dynamic Kneeling Chest Stretch • Supine Twist • Roll Quads with a foam roller
4,7,Whole Body Routine,16:33,Dynamic Prayer Stretch • Side Stretch with a wall • Roll Traps with a ball & wall • Neck Sequence • Elevated Lat Stretch • Hamstring Stretch with a chair • Shoulder Stretch with a pole • Quad Stretch with a chair • 90/90 Quad Stretch • Dynamic Seated Hamstring Stretch
4,8,Tension Release,15:50,Neck Sequence • Calf Stretch with a wall • Chest Stretch with a wall • Roll Traps with a ball & wall • Elevated Lat Stretch with a chair • Roll Biceps with a ball • Roll Forearms with a ball • Roll Lats with a foam roller • Supine Twist • Roll Quads with a foam roller
4,9,Glutes & Groin Focus,15:51,Dynamic Half Star • Standing Quad Stretch • Hamstring Stretch with a chair • Calf Stretch with a wall • Dynamic Star • Childs Pose with Lat Stretch • 90/90 Quad Stretch • Dynamic Seated Hamstring Stretch • Supine Twist • Lat Stretch with a foam roller
4,10,Hip Opener,15:40,Dynamic Hamstring to Hip Stretch • Standing Quad Stretch • Dynamic Star • Lunge Quad Stretch with a chair • Hamstring Stretch with a chair • Low Lunge Quad Stretch • Dynamic Cobra • Childs Pose with Lat Stretch • 90/90 Quad Stretch
4,11,Leg Focus,17:36,Standing Side Body Stretch • Dynamic Hamstring to Hip Stretch • Hamstring Stretch with a chair • Dynamic Star • Calf Stretch with a wall • Quad Stretch with a chair • Dynamic Downward Dog • Low Lunge Quad Stretch • Dynamic Seated Hamstring Stretch • Roll Quads with a foam roller
4,12,Whole Body Routine,15:29,Dynamic Chest Stretch • Standing Tricep Stretch • Dynamic Wrist Sequence • 90 Shoulder Stretch • Standing Quad Stretch • Dynamic Downward Dog • Childs Pose with Lat Stretch • Roll Forearms with a ball • Roll Biceps with a ball • Supine Twist
4,13,Spine Reset,16:31,Dynamic Cactus • Side Stretch with a wall • Roll Traps with a ball & wall • Chest Stretch with a wall • Dynamic Half Star • Dynamic Chest Stretch • Standing Tricep Stretch • Neck Sequence • Dynamic Kneeling Chest Stretch • Dynamic Cobra • Supine Twist • Lat Stretch with a foam roller
4,14,Upper Body Focus,17:01,Side Stretch with a wall • Roll Traps with a ball & wall • Chest Stretch with a wall • Dynamic Wrist Sequence • Dynamic Cactus • 90 Shoulder Stretch • Shoulder Stretch with a pole • Dynamic Prayer Stretch • Lat Stretch with a foam roller • Dynamic Cobra • Supine Twist • Childs Pose with Lat Stretch
4,15,Dynamic Active Routine,17:17,Dynamic Cactus • Dynamic Hamstring to Hip Stretch • Dynamic Prayer Stretch • Shoulder Stretch with a pole • Dynamic Chest Stretch • Low Lunge Quad Stretch • Roll Lats with a foam roller • Dynamic Cobra • Roll Biceps with a ball • Roll Forearms with a ball • Supine Twist
4,16,Hamstring & Quad,16:13,Dynamic Half Star • Standing Quad Stretch • Dynamic Hamstring to Hip Stretch • Dynamic Star • Quad Stretch with a chair • Dynamic Seated Hamstring Stretch • Dynamic Cobra • 90/90 Quad Stretch • Roll Quads with a foam roller
4,17,Whole Body Routine,16:05,Standing Side Body Stretch • Dynamic Half Star • 90 Shoulder Stretch • Dynamic Prayer Stretch • Dynamic Chest Stretch • Dynamic Hamstring to Hip Stretch • Quad Stretch with a chair • Dynamic Cobra • Childs Pose with Lat Stretch • Roll Quads with a foam roller
4,18,Tension Release,16:44,Chest & Shoulder Stretch with a chair • Hamstring Stretch with a chair • Lunge Quad Stretch with a chair • Standing Side Body Stretch • Neck Sequence • Quad Stretch with a chair • Dynamic Downward Dog • Lat Stretch with a foam roller • Roll Lats with a foam roller • Roll Forearms with a ball
4,19,Glutes & Groin Focus,15:51,Dynamic Half Star • Standing Quad Stretch • Hamstring Stretch with a chair • Calf Stretch with a wall • Dynamic Star • Childs Pose with Lat Stretch • 90/90 Quad Stretch • Dynamic Seated Hamstring Stretch • Supine Twist • Lat Stretch with a foam roller
4,20,Leg Focus,16:14,Lunge Quad Stretch with a chair • Hamstring Stretch with a chair • Calf Stretch with a wall • Dynamic Half Star • Low Lunge Quad Stretch • Dynamic Downward Dog • Dynamic Seated Hamstring Stretch • 90/90 Quad Stretch • Roll Quads with a foam roller
4,21,Hip Opener,15:40,Dynamic Hamstring to Hip Stretch • Standing Quad Stretch • Dynamic Star • Lunge Quad Stretch with a chair • Hamstring Stretch with a chair • Low Lunge Quad Stretch • Dynamic Cobra • Childs Pose with Lat Stretch • 90/90 Quad Stretch
4,22,Whole Body Routine,16:44,Side Stretch with a wall • Chest Stretch with a wall • Dynamic Half Star • Dynamic Wrist Sequence • Lunge Quad Stretch with a chair • Elevated Lat Stretch • Chest & Shoulder Stretch with a chair • Dynamic Seated Hamstring Stretch • 90/90 Quad Stretch • Roll Quads with a foam roller
4,23,Spine Reset,16:15,Shoulder Stretch with a pole • Standing Side Body Stretch • Dynamic Star • Dynamic Chest Stretch • 90 Shoulder Stretch • Elevated Lat Stretch • Chest & Shoulder Stretch with a chair • Dynamic Kneeling Chest Stretch • Dynamic Cobra • Childs Pose with Lat Stretch • Supine Twist • Roll Lats with a foam roller
4,24,Hamstring & Quad,16:59,Dynamic Star • Dynamic Hamstring to Hip Stretch • Lunge Quad Stretch with a chair • Hamstring Stretch with a chair • Calf Stretch with a wall • 90/90 Quad Stretch • Dynamic Downward Dog • Dynamic Kneeling Chest Stretch • Supine Twist • Roll Quads with a foam roller
4,25,Dynamic Active Routine,17:17,Dynamic Cactus • Dynamic Hamstring to Hip Stretch • Dynamic Prayer Stretch • Shoulder Stretch with a pole • Dynamic Chest Stretch • Low Lunge Quad Stretch • Roll Lats with a foam roller • Dynamic Cobra • Roll Biceps with a ball • Roll Forearms with a ball • Supine Twist
4,26,Upper Body Focus,15:54,Dynamic Prayer Stretch • Standing Tricep Stretch • 90 Shoulder Stretch • Elevated Lat Stretch • Chest & Shoulder Stretch with a chair • Standing Side Body Stretch • Dynamic Chest Stretch • Neck Sequence • Dynamic Kneeling Chest Stretch • Roll Biceps with a ball • Roll Lats with a foam roller
4,27,Whole Body Routine,16:55,Dynamic Cactus • Standing Side Body Stretch • Chest Stretch with a wall • Calf Stretch with a wall • Dynamic Wrist Sequence • Standing Tricep Stretch • Dynamic Downward Dog • Low Lunge Quad Stretch • Dynamic Seated Hamstring Stretch • Lat Stretch with a foam roller • Roll Quads with a foam roller
4,28,Tension Release,15:50,Neck Sequence • Calf Stretch with a wall • Chest Stretch with a wall • Roll Traps with a ball & wall • Elevated Lat Stretch with a chair • Roll Biceps with a ball • Roll Forearms with a ball • Roll Lats with a foam roller • Supine Twist • Roll Quads with a foam roller
5,1,Whole Body Routine,18:02,Standing Single-Leg Quad Stretch to Forward Fold • Cat / Cow to Tabletop Twist • Hamstring Hook to IT Opener with a strap • Knee Hug to Happy Baby • Kneeling Arm & Wrist Stretch • Neck and Shoulder Sequence
5,2,Whole Body Routine,15:35,High to Low Lunge with a Hamstring Stretch • High to Low Pigeon • Puppy - Downward Dog • Upper Body Sequence
5,3,Whole Body Routine,18:36,Low Lunge to Kneeling Quad Stretch • Puppy Pose to Twist • V-sit to Hamstring Stretch with a strap • Hedgehog to Cobra Stretch • Figure Four to Crossover
5,4,Whole Body Routine,17:25,Cat / Cow to Tabletop Twist • Half Camel • Child's Pose to Frog Pose • Low Lunge to Lizard • Seated Hamstring Stretch with a strap
5,5,Lower Body Routine,20:06,Figure Four to Twist • High to Low Pigeon • Puppy Pose to Downward Dog • Low Lunge to Kneeling Quad Stretch • V-sit to Hamstring Stretch with a strap
5,6,Whole Body Routine,15:16,Standing Single-Leg Quad Stretch to Forward Fold • Child's Pose Twist • Kneeling Arm & Wrist Stretch • Figure Four to Twist • Neck and Shoulder Sequence
5,7,Passive Routine,17:48,Child's Pose to Frog Pose • Single-Leg Knee Hug to Lower Twist • Low Lunge to Lizard • Neck and Shoulder Sequence • Butterfly to Reclined Butterfly
5,8,Whole Body Routine,17:32,"Kneeling Quad, Shin & Foot Stretch • Single-Leg Knee Hug to Lower Twist • Hamstring Hook to IT Opener with a strap • Upper Body Sequence • Butterfly to Reclined Butterfly"
5,9,Whole Body Routine,18:39,High to Low Lunge with a Hamstring Stretch • Puppy Pose to Downward Dog • Seated Hamstring Stretch with a strap • Low Lunge to Kneeling Quad Stretch
5,10,Upper Body Routine,16:00,Half Camel • Upper Body Sequence • Single-Leg Knee Hug to Lower Twist • Hedgehog to Cobra Stretch • Puppy Pose to Downward Dog • Neck and Shoulder Sequence
5,11,Whole Body Routine,15:45,"Child's Pose Twist • Upper Body Sequence • Low Lunge to Lizard • Kneeling Quad, Shin & Foot Stretch • V-sit to Hamstring Stretch with a strap"
5,12,Whole Body Routine,16:02,Standing Single-Leg Quad Stretch to Forward Fold • Hedgehog to Cobra Stretch • Knee Hug to Happy Baby • High to Low Pigeon • Neck and Shoulder Sequence
5,13,Whole Body Routine,17:48,Cat / Cow to Tabletop Twist • Kneeling Arm & Wrist Stretch • Puppy Pose to Twist • Figure Four to Crossover • Hamstring Hook to IT Opener with a strap
5,14,Passive Routine,17:37,High to Low Pigeon • Kneeling Arm & Wrist Stretch • Knee Hug to Happy Baby • Figure Four to Twist • Child's Pose Twist
5,15,Lower Body Routine,15:58,Standing Single-Leg Quad Stretch to Forward Fold • Seated Hamstring Stretch with a strap • Low Lunge to Lizard • Butterfly to Reclined Butterfly
5,16,Whole Body Routine,18:02,Standing Single-Leg Quad Stretch to Forward Fold • Cat / Cow to Tabletop Twist • Hamstring Hook to IT Opener with a strap • Knee Hug to Happy Baby • Kneeling Arm & Wrist Stretch • Neck and Shoulder Sequence
5,17,Whole Body Routine,15:35,High to Low Lunge with a Hamstring Stretch • High to Low Pigeon • Puppy - Downward Dog • Upper Body Sequence
5,18,Whole Body Routine,18:36,Low Lunge to Kneeling Quad Stretch • Puppy Pose to Twist • V-sit to Hamstring Stretch with a strap • Hedgehog to Cobra Stretch • Figure Four to Crossover
5,19,Whole Body Routine,17:25,Cat / Cow to Tabletop Twist • Half Camel • Child's Pose to Frog Pose • Low Lunge to Lizard • Seated Hamstring Stretch with a strap
5,20,Upper Body Routine,17:11,Child's Pose Twist • Kneeling Arm & Wrist Stretch • Child's Pose to Frog Pose • Single-Leg Knee Hug to Lower Twist • Upper Body Sequence • Neck and Shoulder Sequence
5,21,Passive Routine,17:48,Child's Pose to Frog Pose • Single-Leg Knee Hug to Lower Twist • Low Lunge to Lizard • Neck and Shoulder Sequence • Butterfly to Reclined Butterfly
5,22,Whole Body Routine,15:16,Standing Single-Leg Quad Stretch to Forward Fold • Child's Pose Twist • Kneeling Arm & Wrist Stretch • Figure Four to Twist • Neck and Shoulder Sequence
5,23,Whole Body Routine,17:32,"Kneeling Quad, Shin & Foot Stretch • Single-Leg Knee Hug to Lower Twist • Hamstring Hook to IT Opener with a strap • Upper Body Sequence • Butterfly to Reclined Butterfly"
5,24,Whole Body Routine,18:39,High to Low Lunge with a Hamstring Stretch • Puppy Pose to Downward Dog • Seated Hamstring Stretch with a strap • Low Lunge to Kneeling Quad Stretch
5,25,Lower Body Routine,17:56,"Kneeling Quad, Shin & Foot Stretch • Knee Hug to Happy Baby • Puppy Pose to Twist • Hamstring Hook to IT Opener with a strap • Figure Four to Crossover"
5,26,Whole Body Routine,15:45,"Child's Pose Twist • Upper Body Sequence • Low Lunge to Lizard • Kneeling Quad, Shin & Foot Stretch • V-sit to Hamstring Stretch with a strap"
5,27,Whole Body Routine,16:02,Standing Single-Leg Quad Stretch to Forward Fold • Hedgehog to Cobra Stretch • Knee Hug to Happy Baby • High to Low Pigeon • Neck and Shoulder Sequence
5,28,Passive Routine,17:37,High to Low Pigeon • Kneeling Arm & Wrist Stretch • Knee Hug to Happy Baby • Figure Four to Twist • Child's Pose Twist
5,29,Whole Body Routine,17:48,Cat / Cow to Tabletop Twist • Kneeling Arm & Wrist Stretch • Puppy Pose to Twist • Figure Four to Crossover • Hamstring Hook to IT Opener with a strap
5,30,Upper Body Routine,16:26,Cat / Cow to Tabletop Twist • Half Camel • Kneeling Arm & Wrist Stretch • Neck and Shoulder Sequence • Hedgehog to Cobra Stretch • Upper Body Sequence • Child's Pose to Frog Pose
6,1,Whole Body Routine,15:44,Pelvic Circles • Shoulder Squeeze • Forward Fold Sequence (Crossover) • Calf Stretch with Block • Puppy Pose to Downward Dog • Seated Twist • Prone Quad Stretch • Rolling - Upper back
6,3,Glutes & Groin,19:27,Step-Back Reach • Calf Stretch with Block • Pelvic Circles • Seated Twist • Figure Four to Twist • Low Lunge to Lizard Stretch • Butterfly Sequence • Rolling - Glutes
6,4,Spine Reset,20:32,Dynamic Lean • Forward Fold Sequence (Chest Opener) • Triangle Lean • Thread the Needle • Seated Twist • Figure Four to Twist • Neck Sequence • Rolling - Upper back • Rolling - Hamstrings
6,5,Upper Body Focus,14:52,Arm Swings • Shoulder Squeeze • Shoulder Circles • Tricep Stretch with Pole • Windmills • Puppy Pose to Downward Dog • Wrist Sequence • Neck Sequence • Rolling - Lats • Rolling - Upper back
6,6,Leg Focus,23:10,Dynamic Triangle • Lower leg Stretch • Forward Fold Sequence (Crossover) • High Lunge Sequence • Puppy Pose to Downward Dog • Seated Figure Four to Hamstring Stretch • Prone Quad Stretch • Rolling - Quads • Rolling - Calves • Rolling - Shins
6,7,Whole Body Routine,18:41,Step-Back Reach • Dynamic Triangle • Standing Quad Stretch • Lower leg Stretch • Low Lunge to Hamstring Stretch • Seated Toe Pull • Neck Sequence • Rolling - Quads • Rolling - Calves
6,8,Hamstrings & Quads,18:51,Pelvic Circles • Triangle Lean • Calf Stretch with Block • Forward Fold Sequence (Chest Opener) • Low Lunge to Hamstring Stretch • Figure Four to Twist • Rolling - Quads • Rolling - Hamstrings
6,9,Hip Opener,18:43,Pelvic Circles • Standing Quad Stretch • High Lunge Sequence • Low Lunge to Lizard Stretch • Leg Circles • Child's Pose Circles • Rolling - Hip Flexor • Rolling - Quads Single
6,10,Upper Body Focus,17:21,Step-Back Reach • Dynamic Lean • Dynamic Triangle • Eagle-Arm Forward Fold • Thread the Needle • Child's Pose Twist • Puppy Pose to Downward Dog • Wrist Sequence • Rolling - Pec Minor • Rolling - Upper Back
6,11,Dynamic Active Routine,16:51,Dynamic Triangle • Step-Back Reach • Shoulder Squeeze • Pelvic Circles • Child's Pose Circles • Neck Sequence • Thread the Needle • Seated Toe Pull • Rolling - Upper back • Rolling - Quads
6,12,Tension Release,21:04,Leg Circles • Puppy Pose to Downward Dog • Figure Four to Twist • Low Lunge to Lizard Stretch • Neck Sequence • Rolling - Hamstrings • Rolling - Pec Minor • Rolling - Upper Back
6,13,Whole Body Routine,18:48,Pelvic Circles • Dynamic Wide-Leg Twist • High Lunge Sequence • Child's Pose Circles • Leg Circles • Prone Quad Stretch • Rolling - Shins • Rolling - TFL
6,14,Hamstring & Quads,20:12,Dynamic Triangle • High Lunge Sequence • Forward Fold Sequence (Crossover) • Low Lunge to Hamstring Stretch • Seated Toe Pull • Leg Circles • Rolling - Quads Single • Rolling - Hamstrings
6,15,Glutes & Groin,19:27,Step-Back Reach • Calf Stretch with Block • Pelvic Circles • Seated Twist • Figure Four to Twist • Low Lunge to Lizard Stretch • Butterfly Sequence • Rolling - Glutes
6,16,Hip Opener,18:43,Pelvic Circles • Standing Quad Stretch • High Lunge Sequence • Low Lunge to Lizard Stretch • Leg Circles • Child's Pose Circles • Rolling - Hip Flexor • Rolling - Quads Single
6,17,Upper Body Focus,14:52,Arm Swings • Shoulder Squeeze • Shoulder Circles • Tricep Stretch with Pole • Windmills • Puppy Pose to Downward Dog • Wrist Sequence • Neck Sequence • Rolling - Lats • Rolling - Upper back
6,18,Whole Body Routine,20:17,Forward Fold Sequence (Crossover) • Shoulder Circles • Dynamic Lean • Standing Quad Stretch • Child's Pose Circles • Wrist Sequence • Seated Figure Four to Hamstring Stretch • Neck Sequence • Upper back • Rolling - Quads • Rolling - Glutes
6,19,Hamstring & Quads,18:51,Pelvic Circles • Triangle Lean • Calf Stretch with Block • Forward Fold Sequence (Chest Opener) • Low Lunge to Hamstring Stretch • Figure Four to Twist • Rolling - Quads • Rolling - Hamstrings
6,20,Glutes & Groin,,Step-Back Reach • Calf Stretch with Block • Pelvic Circles • Seated Twist • Figure Four to Twist • Low Lunge to Lizard Stretch • Butterfly Sequence • Rolling - Glutes
6,21,Spine Reset,20:01,Step-Back Reach • Dynamic Triangle • Eagle-Arm Forward Fold • Puppy Pose to Downward Dog • Windmills • Seated Twist • Figure Four to Twist • Rolling - Upper back • Rolling - Shins
6,22,Tension Release,19:59,Forward Fold Sequence (Crossover) • Dynamic Lean • Child's Pose Circles • Windmills • Low Lunge to Hamstring Stretch • Seated Twist • Child's Pose Twist • Rolling - Upper back • Rolling - Bottoms of Feet
6,23,Whole Body Routine,18:50,Step-Back Reach • Dynamic Lean • Calf Stretch with Block • Puppy Pose to Downward Dog • Thread the Needle • Figure Four to Twist • Child's Pose Twist • Rolling - Hamstrings • Rolling - Upper back
6,24,Leg Focus,20:51,Dynamic Wide-Leg Twist • Calf Stretch with Block • Step-Back Reach • Low Lunge to Hamstring Stretch • Seated Toe Pull • Leg Circles • Puppy Pose to Downward Dog • Rolling - TFL • Rolling - Hamstrings
6,25,Hip Opener,18:43,Pelvic Circles • Standing Quad Stretch • High Lunge Sequence • Low Lunge to Lizard Stretch • Leg Circles • Child's Pose Circles • Rolling - Hip Flexor • Rolling - Quads Single
6,26,Dynamic Active Routine,16:51,Dynamic Triangle • Step-Back Reach • Shoulder Squeeze • Pelvic Circles • Child's Pose Circles • Neck Sequence • Thread the Needle • Seated Toe Pull • Rolling - Upper back • Rolling - Quads
6,27,Leg Focus,20:51,Dynamic Wide-Leg Twist • Calf Stretch with Block • Step-Back Reach • Low Lunge to Hamstring Stretch • Seated Toe Pull • Leg Circles • Puppy Pose to Downward Dog • Rolling - TFL • Rolling - Hamstrings
6,28,Tension Release,19:59,Forward Fold Sequence (Crossover) • Dynamic Lean • Child's Pose Circles • Windmills • Low Lunge to Hamstring Stretch • Seated Twist • Child's Pose Twist • Rolling - Upper back • Rolling - Bottoms of Feet
7,1,Whole Body Routine,16:27,5 Point Sumo Stretch • Dynamic Overhead Sequence • Reverse Prayer Pose • Standing Side Stretch • Chest and Back Fly • Dynamic Frog Stretch • Dynamic Downward Dog • 90/90 Stretch • Modified Piegeon Stretch • Foot and Calf Stretch • Lying Glute Stretch
7,2,Upper Body Focus,16:17,Chest and Back Fly • Elevated Crossover Stretch • Standing Side Stretch • Dynamic Forward Fold • Side Bend (using a wall) • Tabletop Thoracic Twist • Dynamic Downward Dog • Low Lunge with a Chest Stretch • Pretzel Quad Stretch • Seated Butterfly with a Neck Stretch
7,3,Dynamic Active Routine,16:45,Chest and Back Fly • Standing Shoulder Stretch • Thoracic Spine Rotation • Reverse Prayer Pose • Side Bend (using a wall) • Low Lunge Twist • Dynamic Gate Pose • Dynamic Hamstring Hook (using a strap) • Dynamic Frog Stretch • Seated Glute Stretch
7,4,Leg Focus,17:16,High Lunge Calf Stretch • Standing Quad Stretch • Dynamic Downward Dog • Lifted Hamstring Stretch (using a strap) • Seated Twist and Tuck • Bodyweight Calf Release • Low Lunge Lean • Reclined Crisscross • Lying Glute Stretch
7,5,Glutes & Groin,16:22,Dynamic Frog Stretch • Seated Glute Stretch • Low Lunge Twist • 90/90 Stretch • Seated Twist and Tuck • Adductor Drop • Seated Butterfly with Neck Stretch • Lying Glute Stretch • Figure Four (using a wall)
7,6,Whole Body Routine,16:47,High Lunge Calf Stretch • Standing Quad Stretch • Dynamic Cross Over Stretch • Dynamic Cactus • Low Lunge Twist • Tabletop Thoracic Twist • Seated Twist & Tuck • Dynamic Hamstring Hook (using a strap) • Adductor Drop • Seated Butterfly with Neck Stretch
7,7,Hip Opener,16:03,5 Point Sumo Stretch • Low Lunge with Chest Stretch • Dynamic Gate Pose • 90/90 Stretch • Low Lunge Lean • Pretzel Quad Stretch • Modified Pigeon Stretch • Reclined Criss Cross
7,8,Hamstrings & Quads,15:11,Dynamic Crossover Stretch • Standing Quad Stretch • Chest Stretch (using a wall) • Dynamic Gate Pose • Adductor Drop • Pretzel Quad Stretch • Lifted Hamstring Stretch (using a strap) • Dynamic Seated Split • Modified Pigeon Pose
7,9,Whole Body Routine,17:30,Dynamic High Lunge • Chest Stretch (using a wall) • Standing Shoulder Stretch • Side Bend (using a wall) • Low Lunge Lean • Figure Four (using a wall) • Dynamic Seated Split • Seated Quad Stretch • Kneeling Wrist Sequence
7,10,Upper Body Focus,17:00,5 Point Sumo Stretch • Dynamic Crossover Stretch • Standing Shoulder Stretch • Dynamic Overhead Sequence • Reverse Prayer Pose • Thoracic Spine Rotation • Low Lunge with a Chest Stretch • Dynamic Seated Split • Kneeling Wrist Sequence • Low Lunge Twist
7,11,Spine Reset,19:02,Dynamic Crossover Stretch • Standing Side Stretch • Chest and Back Fly • Dynamic Forward Fold • Chest Stretch (using a wall) • Thoracic Spine Rotation • Low Lunge Twist • Ptrezel Quad Stretch • Seated Twist & Tuck • Seated Butterfly with a Neck Stretch
7,12,Tension Release,15:52,Standing Quad Stretch • Standing Side Stretch • Chest Stretch (using a wall) • Calf Stretch (using a wall) • Figure Four (using a wall) • Adductor Drop • Lifted Hamstring Stretch (using a strap) • Modified Pigeon Pose • Bodyweight Calf Release
7,13,Whole Body Routine,16:50,Thoracic Spine Rotation • Dynamic Forward Fold • Elevated Crossover Stretch • High Lunge Calf Stretch • Low Lunge with Chest Stretch • Dynamic Gate Pose • Seated Glute Stretch • Pretzel Quad Stretch • Bodyweight Calf Release
7,14,Leg Focus,16:08,Dynamic Forward Fold • Calf Stretch (using a wall) • Dynamic Seated Split • Seated Glute Stretch • 90/90 Stretch • Foot and Calf Stretch • Pretzel Quad Stretch • Dynamic Hamstring Hook (using a strap) • Modified Pigeon Stretch
7,15,Dynamic Active Routine,16:45,Chest and Back Fly • Standing Shoulder Stretch • Thoracic Spine Rotation • Reverse Prayer Pose • Side Bend (using a wall) • Low Lunge Twist • Dynamic Gate Pose • Dynamic Hamstring Hook (using a strap) • Dynamic Frog Stretch • Seated Glute Stretch
7,16,Glutes & Groin,16:22,Dynamic Frog Stretch • Seated Glute Stretch • Low Lunge Twist • 90/90 Stretch • Seated Twist and Tuck • Adductor Drop • Seated Butterfly with Neck Stretch • Lying Glute Stretch • Figure Four (using a wall)
7,17,Whole Body Routine,17:44,Dynamic Overhead Sequence • 5 Point Sumo Stretch • Dynamic High Lunge • Chest and Back Fly • Low Lunge Twist • Lifted Hamstring Stretch (using a strap) • Seated Quad Stretch • Reclined Criss Cross • Kneeling Wrist Sequence • Seated Butterfly with Neck Stretch
7,18,Hip Opener,16:03,5 Point Sumo Stretch • Low Lunge with Chest Stretch • Dynamic Gate Pose • 90/90 Stretch • Low Lunge Lean • Pretzel Quad Stretch • Modified Pigeon Stretch • Reclined Criss Cross
7,19,Upper Body Focus,16:17,Chest and Back Fly • Elevated Crossover Stretch • Standing Side Stretch • Dynamic Forward Fold • Side Bend (using a wall) • Tabletop Thoracic Twist • Dynamic Downward Dog • Low Lunge with a Chest Stretch • Pretzel Quad Stretch • Seated Butterfly with a Neck Stretch
7,20,Hamstrings & Quads,16:21,5 Point Sumo Stretch • Dynamic Forward Fold • Standing Quad Stretch • Dynamic High Lunge • Dynamic Frog Stretch • Dynamic Downward Dog • Seated Quad Stretch • Dynamic Hamstring Hook (using a strap) • Reclined Crisscross
7,21,Whole Body Routine,16:27,5 Point Sumo Stretch • Dynamic Overhead Sequence • Reverse Prayer Pose • Standing Side Stretch • Chest and Back Fly • Dynamic Frog Stretch • Dynamic Downward Dog • 90/90 Stretch • Modified Piegeon Stretch • Foot and Calf Stretch • Lying Glute Stretch
7,22,Spine Reset,16:16,Dynamic Overhead Sequence • Elevated Crossover Stretch • Reverse Prayer Pose • Dynamic Cactus • Side Bend (using a wall) • Tabletop Thoracic Twist • Low Lunge Lean • Seated Twist and Tuck • Dynamic Seated Split • Seated Butterfly with a Neck Stretch
7,23,Tension Release,17:07,Dynamic Downward Dog • Low Lunge with Chest Stretch • Seated Quad Stretch • Kneeling Wrist Sequence • 90/90 Stretch • Bodyweight Calf Release • Lying Glute Stretch • Seated Butterfly with a Neck Stretch • Reclined Crisscross
7,24,Leg Focus,17:16,High Lunge Calf Stretch • Standing Quad Stretch • Dynamic Downward Dog • Lifted Hamstring Stretch (using a strap) • Seated Twist and Tuck • Bodyweight Calf Release • Low Lunge Lean • Reclined Crisscross • Lying Glute Stretch
7,25,Hamstrings & Quads,15:11,Dynamic Crossover Stretch • Standing Quad Stretch • Chest Stretch (using a wall) • Dynamic Gate Pose • Adductor Drop • Pretzel Quad Stretch • Lifted Hamstring Stretch (using a strap) • Dynamic Seated Split • Modified Pigeon Pose
7,26,Whole Body Routine,17:30,Dynamic High Lunge • Chest Stretch (using a wall) • Standing Shoulder Stretch • Side Bend (using a wall) • Low Lunge Lean • Figure Four (using a wall) • Dynamic Seated Split • Seated Quad Stretch • Kneeling Wrist Sequence
7,27,Spine Reset,19:02,Dynamic Crossover Stretch • Standing Side Stretch • Chest and Back Fly • Dynamic Forward Fold • Chest Stretch (using a wall) • Thoracic Spine Rotation • Low Lunge Twist • Ptrezel Quad Stretch • Seated Twist & Tuck • Seated Butterfly with a Neck Stretch
7,28,Tension Release,15:52,Standing Quad Stretch • Standing Side Stretch • Chest Stretch (using a wall) • Calf Stretch (using a wall) • Figure Four (using a wall) • Adductor Drop • Lifted Hamstring Stretch (using a strap) • Modified Pigeon Pose • Bodyweight Calf Release
8,1,Whole Body Routine,15:25,Dynamic Overhead Sequence • Over the Hedge • Wide Legged Fold - Side Lunge • Thoracic Spine Rotation • Hip Bridge • Lower Twist • Puppy Pose - Downward Dog • Shoulder Circles
8,2,Whole Body Routine,17:12,Step Back & Reach • Star Twist • Gate Pose • Dynamic Baby Cobra • Hamstring Hook to IT Opener with a strap • Cat/Cow to Spinal Rotation • Seated Neck Stretch • Roll Quads
8,3,Whole Body Routine,18:56,High Lunge Sequence • Upper Body Bind • Standing Hamstring Stretch • Standing Quad Stretch • Prone Y Raise • Single Leg Sequence • See Saw Stretch • Seated Shoulder Sequence • Roll upper Back
8,4,Whole Body Routine,15:52,Elbow Squeeze • Wide Legged Fold - Side Lunge • Calf Stretch with a block • Thoracic Spine Rotation • Pelvic Tilts • Low Lunge Lean • Knee Hug to Happy Baby • Shoulder Circles
8,5,Lower Body Routine,15:53,Over the Hedge • Standing Hamstring Stretch • Standing Quad Stretch • Pelvic Tilts • Hip Bridge • Knee Hug to Happy Baby • Low Lunge Lean • Roll Quads
8,6,Whole Body Routine,15:29,Dynamic Overhead Sequence • Over the Hedge • Standing Quad Stretch • Star Twist • Step Back & Reach • Supine Hamstring Stretch • Seated Twist • Seated Neck Stretch • Roll Upper Back
8,7,Passive Routine,15:11,Single Leg Sequence • Hamstring Hook to IT Opener with a strap • Lower Twist • Seated Neck Stretch • Roll upper Back • Roll Quads
8,8,Whole Body Routine,17:22,Calf Stretch with a block • Upper Body Bind • Pelvic Tilts • Hip Bridge • Quad Stretch w/ Strap • Seated Figure Four to Hamstring Stretch with a strap • Prone Y Raise • Cat/Cow to Spinal Rotation
8,9,Whole Body Routine,17:20,Elbow Squeeze • Standing Hamstring Stretch • Single Leg Sequence • Knee Hug to Happy Baby • See Saw Stretch • Puppy Pose - Downward Dog • Roll Quads • Seated Twist
8,10,Upper Body Routine,15:49,Dynamic Overhead Sequence • Upper Body Bind • Thoracic Spine Rotation • Prone Y Raise • Seated Neck Stretch • See Saw Stretch • Dynamic Baby Cobra • Puppy Pose - Downward Dog • Shoulder Circles • Seated Shoulder Sequence
8,11,Whole Body Routine,15:57,Over the Hedge • High Lunge Sequence • Low Lunge Lean • Dynamic Baby Cobra • Seated Shoulder Sequence • Supine Hamstring Stretch • Quad Stretch w/ Strap • Roll Upper Back
8,12,Whole Body Routine,19:50,Gate Pose • Hamstring Hook to IT Opener with a strap • Lower Twist • Cat/Cow to Spinal Rotation • Prone Y Raise • Puppy Pose - Downward Dog • Seated Figure Four to Hamstring Stretch with a strap
8,13,Whole Body Routine,17:28,Dynamic Overhead Sequence • Star Twist • Elbow Squeeze • Standing Quad Stretch • Low Lunge Lean • Hip Bridge • Single Leg Sequence • Lower Twist
8,14,Passive Routine,16:04,Calf Stretch with a block • Quad Stretch w/ Strap • Hamstring Hook to IT Opener with a strap • Knee Hug to Happy Baby • Seated Neck Stretch • Roll upper Back • Lower Twist
8,15,Lower Body Routine,15:18,High Lunge Sequence • Wide Legged Fold - Side Lunge • Calf Stretch with a block • Hamstring Hook to IT Opener with a strap • Seated Twist • Quad Stretch w/ Strap
8,16,Whole Body Routine,15:25,Dynamic Overhead Sequence • Over the Hedge • Wide Legged Fold - Side Lunge • Thoracic Spine Rotation • Hip Bridge • Lower Twist • Puppy Pose - Downward Dog • Shoulder Circles
8,17,Whole Body Routine,17:12,Step Back & Reach • Star Twist • Gate Pose • Dynamic Baby Cobra • Hamstring Hook to IT Opener with a strap • Cat/Cow to Spinal Rotation • Seated Neck Stretch • Roll Quads
8,18,Whole Body Routine,18:56,High Lunge Sequence • Upper Body Bind • Standing Hamstring Stretch • Standing Quad Stretch • Prone Y Raise • Single Leg Sequence • See Saw Stretch • Seated Shoulder Sequence • Roll upper Back
8,19,Whole Body Routine,15:52,Elbow Squeeze • Wide Legged Fold - Side Lunge • Calf Stretch with a block • Thoracic Spine Rotation • Pelvic Tilts • Low Lunge Lean • Knee Hug to Happy Baby • Shoulder Circles
8,20,Upper Body Routine,16:07,Dynamic Overhead Sequence • Elbow Squeeze • Step Back & Reach • Thoracic Spine Rotation • Lower Twist • Dynamic Baby Cobra • Shoulder Circles • Prone Y Raise • Cat/Cow to Spinal Rotation
8,21,Passive Routine,15:11,Single Leg Sequence • Hamstring Hook to IT Opener with a strap • Lower Twist • Seated Neck Stretch • Roll upper Back • Roll Quads
8,22,Whole Body Routine,15:29,Dynamic Overhead Sequence • Over the Hedge • Standing Quad Stretch • Star Twist • Step Back & Reach • Supine Hamstring Stretch • Seated Twist • Seated Neck Stretch • Roll Upper Back
8,23,Whole Body Routine,17:22,Calf Stretch with a block • Upper Body Bind • Pelvic Tilts • Hip Bridge • Quad Stretch w/ Strap • Seated Figure Four to Hamstring Stretch with a strap • Prone Y Raise • Cat/Cow to Spinal Rotation
8,24,Whole Body Routine,17:20,Elbow Squeeze • Standing Hamstring Stretch • Single Leg Sequence • Knee Hug to Happy Baby • See Saw Stretch • Puppy Pose - Downward Dog • Roll Quads • Seated Twist
8,25,Lower Body Routine,18:51,Over the Hedge • Standing Hamstring Stretch • Gate Pose • Supine Hamstring Stretch • Single Leg Sequence • Seated Figure Four to Hamstring Stretch with a strap • Roll Quads
8,26,Whole Body Routine,15:57,Over the Hedge • High Lunge Sequence • Low Lunge Lean • Dynamic Baby Cobra • Seated Shoulder Sequence • Supine Hamstring Stretch • Quad Stretch w/ Strap • Roll Upper Back
8,27,Whole Body Routine,19:50,Gate Pose • Hamstring Hook to IT Opener with a strap • Lower Twist • Cat/Cow to Spinal Rotation • Prone Y Raise • Puppy Pose - Downward Dog • Seated Figure Four to Hamstring Stretch with a strap
8,28,Passive Routine,16:04,Calf Stretch with a block • Quad Stretch w/ Strap • Hamstring Hook to IT Opener with a strap • Knee Hug to Happy Baby • Seated Neck Stretch • Roll upper Back • Lower Twist
8,29,Whole Body Routine,17:28,Dynamic Overhead Sequence • Star Twist • Elbow Squeeze • Standing Quad Stretch • Low Lunge Lean • Hip Bridge • Single Leg Sequence • Lower Twist
8,30,Upper Body Routine,15:48,Star Twist • Upper Body Bind • Thoracic Spine Rotation • Seated Shoulder Sequence • Puppy Pose - Downward Dog • Cat/Cow to Spinal Rotation • See Saw Stretch • Shoulder Circles • Seated Neck Stretch
9,1,Whole Body Routine,16:02,Dynamic Overhead Sequence • Dynamic Shoulder Stretch with a pole • Mini Band March • Lifted Hip Flexor Stretch with a Chair • Seated Figure Four with Chair • Forward Fold with Rotation • Dead Bug Press • Cat/Cow • Child's Pose Twist • 90/90 Stretch
9,2,Whole Body Routine,16:56,Dynamic Side Bends • Standing Crunch • Thoracic Spine Rotation • Wrist Circle Stretch • Dynamic Cactus with a wall • Single Arm Chest Stretch with a Wall • Seated Leg Lifts • Kneeling Quad Stretch • Yoga Sequence • Roll Upper Traps
9,3,Whole Body Routine,16:30,Dynamic Side Body Stretch • Single Leg Hamstring Sequence • Dynamic Standing Rotations • Hip Flexor Stretch with a Chair • Plank Shoulder Tap • Tabletop Thoracic Twist • Butterfly Cat Cow • Bridge Walks • Half Kneeling Quad Stretch
9,4,Whole Body Routine,17:57,Side Bends with a pole • Shoulder 360s with a pole • Chest Stretch with a Wall • Single Arm Chest Stretch with a Wall • Bird Dog Crunch • Cat/Cow • Plank Shoulder Tap • Kneeling Wrist Stretch • Single Leg Bridge with Dynamic Lift • 90/90 Stretch • Half Kneeling Quad Stretch
9,5,Lower Body Routine,16:20,Mini Band March • Lifted Hip Flexor Stretch with a Chair • Seated Figure Four with Chair • Single Leg Hamstring Sequence • Bridge March • Kneeling Quad Stretch • Single Leg Bridge with Dynamic Lift • 90/90 Stretch
9,6,Whole Body Routine,16:37,Dynamic Overhead Sequence • Lifted Hip Flexor Stretch with a Chair • Seated Figure Four with Chair • Forward Fold with Rotation • Dead Bug Press • Bridge March • Supine Back Press • Kneeling Quad Stretch • Child's Pose Twist • Roll Upper Traps
9,7,Passive Routine,17:16,Seated Figure Four with Chair • Hip Flexor Stretch with a Chair • Forward Fold with Rotation • Chest Stretch with a Wall • Cat/Cow • Child's Pose Twist • Half Kneeling Quad Stretch • 90/90 Stretch • Kneeling Wrist Stretch • Roll Upper Traps
9,8,Whole Body Routine,16:08,Standing Crunch • Dynamic Side Bends • Single Leg Hamstring Sequence • Mini Band March • Dynamic Standing Rotations • Wrist Circle Stretch • Bridge Walks • Yoga Sequence • Dynamic Kneeling Arm & Shoulder Stretch • Cat/Cow
9,9,Whole Body Routine,15:46,Thoracic Spine Rotation • Side Bends with a pole • Shoulder 360s with a pole • Seated Leg Lifts • Single Leg Bridge with Dynamic Lift • 90/90 Stretch • Half Kneeling Quad Stretch • Butterfly Cat Cow • Yoga Sequence
9,10,Upper Body Routine,15:25,Side Bends with a pole • Shoulder 360s with a pole • Thoracic Spine Rotation • Wrist Circle Stretch • Chest Stretch with a Wall • Tabletop Thoracic Twist • Dead Bug Press • Butterfly Cat Cow • Supine Back Press • Child's Pose Twist
9,11,Whole Body Routine,16:20,Dynamic Side Body Stretch • Dynamic Standing Rotations • Chest Stretch with a Wall • Hip Flexor Stretch with a Chair • Single Leg Hamstring Sequence • Plank Shoulder Tap • Bird Dog Crunch • Kneeling Wrist Stretch • Supine Back Press • Kneeling Quad Stretch
9,12,Whole Body Routine,15:57,Dynamic Shoulder Stretch with a pole • Dynamic Cactus with a wall • Single Arm Chest Stretch with a Wall • Forward Fold with Rotation • Tabletop Thoracic Twist • Bridge March • 90/90 Stretch • Half Kneeling Quad Stretch • Roll Upper Traps
9,13,Whole Body Routine,16:34,Tabletop Thoracic Twist • Plank Shoulder Tap • Dynamic Kneeling Arm & Shoulder Stretch • Supine Back Press • Bird Dog Crunch • Bridge Walks • Seated Leg Lifts • Kneeling Quad Stretch • Yoga Sequence • Roll Upper Traps
9,14,Passive Routine,17:09,Single Arm Chest Stretch with a Wall • Forward Fold with Rotation • Chest Stretch with a Wall • Seated Figure Four with Chair • Cat/Cow • Half Kneeling Quad Stretch • Child's Pose Twist • Roll Upper Traps • Kneeling Wrist Stretch • 90/90 Stretch
9,15,Lower Body Routine,17:23,Mini Band March • Forward Fold with Rotation • Hip Flexor Stretch with a Chair • Plank Shoulder Tap • Bridge Walks • Half Kneeling Quad Stretch • Child's Pose Twist • Butterfly Cat Cow • Single Leg Bridge with Dynamic Lift • 90/90 Stretch
9,16,Whole Body Routine,16:02,Dynamic Overhead Sequence • Dynamic Shoulder Stretch with a pole • Mini Band March • Lifted Hip Flexor Stretch with a Chair • Seated Figure Four with Chair • Forward Fold with Rotation • Dead Bug Press • Cat/Cow • Child's Pose Twist • 90/90 Stretch
9,17,Whole Body Routine,16:56,Dynamic Side Bends • Standing Crunch • Thoracic Spine Rotation • Wrist Circle Stretch • Dynamic Cactus with a wall • Single Arm Chest Stretch with a Wall • Seated Leg Lifts • Kneeling Quad Stretch • Yoga Sequence • Roll Upper Traps
9,18,Whole Body Routine,16:30,Dynamic Side Body Stretch • Single Leg Hamstring Sequence • Dynamic Standing Rotations • Hip Flexor Stretch with a Chair • Plank Shoulder Tap • Tabletop Thoracic Twist • Butterfly Cat Cow • Bridge Walks • Half Kneeling Quad Stretch
9,19,Whole Body Routine,17:57,Side Bends with a pole • Shoulder 360s with a pole • Chest Stretch with a Wall • Single Arm Chest Stretch with a Wall • Bird Dog Crunch • Cat/Cow • Plank Shoulder Tap • Kneeling Wrist Stretch • Single Leg Bridge with Dynamic Lift • 90/90 Stretch • Half Kneeling Quad Stretch
9,20,Upper Body Routine,15:25,Dynamic Overhead Sequence • Dynamic Shoulder Stretch with a pole • Dynamic Cactus with a wall • Chest Stretch with a Wall • Dynamic Side Body Stretch • Forward Fold with Rotation • Bird Dog Crunch • Kneeling Wrist Stretch • Cat/Cow • Yoga Sequence • Roll Upper Traps
9,21,Passive Routine,17:16,Seated Figure Four with Chair • Hip Flexor Stretch with a Chair • Forward Fold with Rotation • Chest Stretch with a Wall • Cat/Cow • Child's Pose Twist • Half Kneeling Quad Stretch • 90/90 Stretch • Kneeling Wrist Stretch • Roll Upper Traps
9,22,Whole Body Routine,16:37,Dynamic Overhead Sequence • Lifted Hip Flexor Stretch with a Chair • Seated Figure Four with Chair • Forward Fold with Rotation • Dead Bug Press • Bridge March • Supine Back Press • Kneeling Quad Stretch • Child's Pose Twist • Roll Upper Traps
9,23,Whole Body Routine,16:08,Standing Crunch • Dynamic Side Bends • Single Leg Hamstring Sequence • Mini Band March • Dynamic Standing Rotations • Wrist Circle Stretch • Bridge Walks • Yoga Sequence • Dynamic Kneeling Arm & Shoulder Stretch • Cat/Cow
9,24,Whole Body Routine,15:46,Thoracic Spine Rotation • Side Bends with a pole • Shoulder 360s with a pole • Seated Leg Lifts • Single Leg Bridge with Dynamic Lift • 90/90 Stretch • Half Kneeling Quad Stretch • Butterfly Cat Cow • Yoga Sequence
9,25,Lower Body Routine,15:21,Seated Figure Four with Chair • Single Leg Hamstring Sequence • Dead Bug Press • Seated Leg Lifts • Kneeling Quad Stretch • Bridge March • Butterfly Cat Cow • Half Kneeling Quad Stretch
9,26,Whole Body Routine,16:20,Dynamic Side Body Stretch • Dynamic Standing Rotations • Chest Stretch with a Wall • Hip Flexor Stretch with a Chair • Single Leg Hamstring Sequence • Plank Shoulder Tap • Bird Dog Crunch • Kneeling Wrist Stretch • Supine Back Press • Kneeling Quad Stretch
9,27,Whole Body Routine,15:57,Dynamic Shoulder Stretch with a pole • Dynamic Cactus with a wall • Single Arm Chest Stretch with a Wall • Forward Fold with Rotation • Tabletop Thoracic Twist • Bridge March • 90/90 Stretch • Half Kneeling Quad Stretch • Roll Upper Traps
9,28,Passive Routine,17:09,Single Arm Chest Stretch with a Wall • Forward Fold with Rotation • Chest Stretch with a Wall • Seated Figure Four with Chair • Cat/Cow • Half Kneeling Quad Stretch • Child's Pose Twist • Roll Upper Traps • Kneeling Wrist Stretch • 90/90 Stretch
9,29,Whole Body Routine,16:34,Tabletop Thoracic Twist • Plank Shoulder Tap • Dynamic Kneeling Arm & Shoulder Stretch • Supine Back Press • Bird Dog Crunch • Bridge Walks • Seated Leg Lifts • Kneeling Quad Stretch • Yoga Sequence • Roll Upper Traps
9,30,Upper Body Routine,15:36,Standing Crunch • Dynamic Side Bends • Dynamic Cactus with a wall • Single Arm Chest Stretch with a Wall • Wrist Circle Stretch • Dead Bug Press • Child's Pose Twist • Dynamic Kneeling Arm & Shoulder Stretch • Supine Back Press • Roll Upper Traps
10,1,Whole Body Routine,18:11,Quad Stretch with Arm Extension • Dynamic Hip Rotations with pole • Forward Fold with Extension • Dynamic Side Bends • Cat - Cow • Child's Pose to Tabletop Twist • Chest & Back Sequence • Knee Hug to Lower Twist
10,2,Whole Body Routine,17:06,Side Lunge to Low Side Lunge • Chest & Back Sequence • Baby Cobra to Quad Stretch • Puppy Pose to Downward Dog • Hamstring Hook to IT Opener • High to Low Pigeon
10,3,Whole Body Routine,17:33,Dynamic Hip Rotations with pole • Standing Straddle to Twist • Dynamic Side Bends • Dynamic Shoulder Stretch • Three Point Hamstring Stretch • Low Lunge to Lean • Side Lying Quad Stretch - Knee Hug
10,4,Whole Body Routine,15:58,Dynamic Leg Circles • V Sit to Toe Pull • Low Lunge to Lizard • Wrist Circles - Stretch • Thread the Needle to Child's Pose • Thoracic Extension - Roll Back
10,5,Lower Body Routine,19:49,Standing Straddle to Side Lunge • Three Point Hamstring Stretch • High to Low Lunge Sequence • Low Lunge to Lizard • Knee Hug to Lower Twist
10,6,Whole Body Routine,20:26,High Lunge to Warrior II • High to Low Lunge Sequence • Forward Fold with Extension • Figure Four to Twist • Cat - Cow • Chest & Back Sequence
10,7,Passive Routine,16:27,Three Point Hamstring Stretch • Seated Four - Hamstring Stretch • Side Lying Quad Stretch - Knee Hug • High to Low Pigeon • Child's Pose Twist
10,8,Whole Body Routine,17:41,Standing Straddle to Side Lunge • Seated Four - Hamstring Stretch • Baby Cobra to Quad Stretch • Child's Pose to Tabletop Twist • Wrist Circles - Stretch • Chest & Back Sequence
10,9,Whole Body Routine,16:52,Quad Stretch with Arm Extension • Gate Pose • Butterfly to Reclined Butterfly • Seated Twist - Tuck • Staff Pose to Twist • Chest & Back Sequence • Child's Pose Twist
10,10,Upper Body Routine,16:09,Dynamic Side Bends • Dynamic Shoulder Stretch • Cat - Cow • Baby Cobra to Quad Stretch • Chest & Back Sequence • Wrist Circles - Stretch • Puppy Pose to Downward Dog • Child's Pose Twist
10,11,Whole Body Routine,18:26,Dynamic Shoulder Stretch • Side Lunge to Low Side Lunge • Baby Frog to Full Frog • High to Low Pigeon • Knee Hug to Happy Baby • Puppy Pose to Downward Dog • Thoracic Extension - Roll Back • Wrist Circles - Stretch
10,12,Whole Body Routine,19:08,Dynamic Side Bends • High to Low Lunge Sequence • Thread the Needle to Child's Pose • Low Lunge to Lizard • Seated Twist - Tuck • Chest & Back Sequence
10,13,Whole Body Routine,18:15,Dynamic Hip Rotations with pole • Dynamic Shoulder Stretch • Figure Four to Twist • Side Lying Quad Stretch - Knee Hug • Low Lunge to Lean • Thoracic Extension - Roll Back
10,14,Passive Routine,17:42,Dynamic Leg Circles • Hamstring Hook to IT Opener • Thread the Needle to Child's Pose • Knee Hug to Lower Twist • Knee Hug to Happy Baby • Butterfly to Reclined Butterfly
10,15,Lower Body Routine,19:39,Side Lunge to Low Side Lunge • Figure Four to Twist • Hamstring Hook to IT Opener • Side Lying Quad Stretch - Knee Hug • Butterfly to Reclined Butterfly
10,16,Whole Body Routine,18:11,Quad Stretch with Arm Extension • Dynamic Hip Rotations with pole • Forward Fold with Extension • Dynamic Side Bends • Cat - Cow • Child's Pose to Tabletop Twist • Chest & Back Sequence • Knee Hug to Lower Twist
10,17,Whole Body Routine,17:06,Side Lunge to Low Side Lunge • Chest & Back Sequence • Baby Cobra to Quad Stretch • Puppy Pose to Downward Dog • Hamstring Hook to IT Opener • High to Low Pigeon
10,18,Whole Body Routine,17:33,Dynamic Hip Rotations with pole • Standing Straddle to Twist • Dynamic Side Bends • Dynamic Shoulder Stretch • Three Point Hamstring Stretch • Low Lunge to Lean • Side Lying Quad Stretch - Knee Hug
10,19,Whole Body Routine,15:58,Dynamic Leg Circles • V Sit to Toe Pull • Low Lunge to Lizard • Wrist Circles - Stretch • Thread the Needle to Child's Pose • Thoracic Extension - Roll Back
10,20,Upper Body Routine,15:28,Dynamic Shoulder Stretch • Cat - Cow • Seated Twist - Tuck • Child's Pose to Tabletop Twist • Chest & Back Sequence • Wrist Circles - Stretch • Thread the Needle to Child's Pose
10,21,Passive Routine,16:27,Three Point Hamstring Stretch • Seated Four - Hamstring Stretch • Side Lying Quad Stretch - Knee Hug • High to Low Pigeon • Child's Pose Twist
10,22,Whole Body Routine,20:26,High Lunge to Warrior II • High to Low Lunge Sequence • Forward Fold with Extension • Figure Four to Twist • Cat - Cow • Chest & Back Sequence
10,23,Whole Body Routine,17:41,Standing Straddle to Side Lunge • Seated Four - Hamstring Stretch • Baby Cobra to Quad Stretch • Child's Pose to Tabletop Twist • Wrist Circles - Stretch • Chest & Back Sequence
10,24,Whole Body Routine,16:52,Quad Stretch with Arm Extension • Gate Pose • Butterfly to Reclined Butterfly • Seated Twist - Tuck • Staff Pose to Twist • Chest & Back Sequence • Child's Pose Twist
10,25,Lower Body Routine,17:37,High Lunge to Warrior II • Quad Stretch with Arm Extension • Forward Fold with Extension • Low Lunge to Lean • Knee Hug to Happy Baby • Seated Twist - Tuck
10,26,Whole Body Routine,18:26,Dynamic Shoulder Stretch • Side Lunge to Low Side Lunge • Baby Frog to Full Frog • High to Low Pigeon • Knee Hug to Happy Baby • Puppy Pose to Downward Dog • Thoracic Extension - Roll Back • Wrist Circles - Stretch
10,27,Whole Body Routine,19:08,Dynamic Side Bends • High to Low Lunge Sequence • Thread the Needle to Child's Pose • Low Lunge to Lizard • Seated Twist - Tuck • Chest & Back Sequence
10,28,Passive Routine,17:42,Dynamic Leg Circles • Hamstring Hook to IT Opener • Thread the Needle to Child's Pose • Knee Hug to Lower Twist • Knee Hug to Happy Baby • Butterfly to Reclined Butterfly
10,29,Whole Body Routine,18:15,Dynamic Hip Rotations with pole • Dynamic Shoulder Stretch • Figure Four to Twist • Side Lying Quad Stretch - Knee Hug • Low Lunge to Lean • Thoracic Extension - Roll Back
10,30,Upper Body Routine,16:04,Dynamic Shoulder Stretch • Dynamic Side Bends • Forward Fold with Extension • Thread the Needle to Child's Pose • Chest & Back Stretch Sequence • Staff Pose to Twist • Thoracic Extension - Roll Back • Child's Pose Twist
11,1,Whole Body Routine,15:39,Dynamic Star • Dynamic Step & Reach • Arm Circles • Alternating Step & Squat • High to Low Lunge • Cat / Cow • Eagle Arms to Chest Opener • Bodyweight Calf Release • Child's Pose
11,2,Whole Body Routine,15:53,Lunge with Trunk Twists • Standing Quad Stretch • Tricep & Lat Stretch • Forward Fold with Chest Opener • Runner's Lunge • Supine Dynamic Cactus • Butterfly Stretch • Dynamic Scorpion • Figure Four • Trapezuius Stretch
11,3,Whole Body Routine,16:36,Dynamic Side Lunge • Hamstring Crossover • Warrior II • Dynamic Overhead Side Bend with a pole • Tricep Stretch with a pole • Dynamic Shoulder Squeeze • Roll Quads with a foam roller • Roll Hamstrings with a foam roller • Lower Twist
11,4,Whole Body Routine,15:43,Lunge to Hamstring Stretch • Dynamic Hip Rotations with a pole • Dynamic Shoulder Stretch with a pole • Standing Quad Stretch • Cat / Cow • Prone Chin Tucks • Pretzel Stretch • Child's Pose with a foam roller • Roll Upper Back with a foam roller
11,5,Lower Body Routine,17:16,Lunge with Trunk Twists • Alternating Step & Squat • Hamstring Crossover • Dynamic Hip Rotations with a pole • Standing Quad Stretch • Dynamic Happy Baby • Dynamic Scorpion • Figure Four • Lower Twist • Bodyweight Calf Release
11,6,Whole Body Routine,15:29,Upper Body Rotation with a pole • Tricep Stretch with a pole • Dynamic Star • Arm Circles • Lunge to Hamstring Stretch • Adductor Drop • Dynamic Happy Baby • Pigeon Pose • Pelvic Tilts
11,7,Passive Routine,15:52,Standing Quad Stretch • Upper Body Rotation with a pole • Adductor Drop • Figure Four • Butterfly Stretch • Lower Twist • Pigeon Pose • Roll Hamstrings with a foam roller • Child's Pose
11,8,Whole Body Routine,16:00,Dynamic Step & Reach • Forward Fold with Chest Opener • Alternating Step & Squat • Standing Quad Stretch • High to Low Lunge • Bodyweight Calf Release • Prone Chin Tucks • Eagle Arms to Chest Opener • Trapezuius Stretch
11,9,Whole Body Routine,15:28,Lunge with Trunk Twists • Hamstring Crossover • Dynamic Hip Rotations with a pole • Dynamic Shoulder Stretch with a pole • Cat / Cow • Upper Back Rotations • Pretzel Stretch • Roll Quads with a foam roller • Roll Hamstrings with a foam roller
11,10,Upper Body Routine,16:16,Dynamic Star • Tricep & Lat Stretch • Eagle Arms to Chest Opener • Cat / Cow • Upper Back Rotations • Trapezuius Stretch • Roll Upper Back with a foam roller • Prone Chin Tucks • Child's Pose with a foam roller • Supine Dynamic Cactus • Child's Pose
11,11,Whole Body Routine,15:50,Dynamic Shoulder Squeeze • Pelvic Tilts • Pigeon Pose • Lower Twist • Child's Pose with a foam roller • Roll Upper Back with a foam roller • Runner's Lunge • Adductor Drop • Bodyweight Calf Release
11,12,Whole Body Routine,15:26,Warrior II • Dynamic Overhead Side Bend with a pole • Tricep & Lat Stretch • Dynamic Hip Rotations with a pole • High to Low Lunge • Roll Hamstrings with a foam roller • Figure Four • Upper Back Rotations
11,13,Whole Body Routine,16:15,Arm Circles • Dynamic Side Lunge • Hamstring Crossover • Upper Body Rotation with a pole • Tricep Stretch with a pole • Runner's Lunge • Pigeon Pose • Supine Dynamic Cactus • Trapezuius Stretch • Child's Pose
11,14,Passive Routine,16:20,Roll Upper Back with a foam roller • Roll Quads with a foam roller • Pigeon Pose • Bodyweight Calf Release • Pretzel Stretch • Lower Twist • Figure Four • Child's Pose
11,15,Lower Body Routine,16:31,Dynamic Star • Forward Fold with Chest Opener • Dynamic Side Lunge • High to Low Lunge • Adductor Drop • Butterfly Stretch • Pretzel Stretch • Roll Quads with a foam roller • Bodyweight Calf Release
11,16,Whole Body Routine,15:39,Dynamic Star • Dynamic Step & Reach • Arm Circles • Alternating Step & Squat • High to Low Lunge • Cat / Cow • Eagle Arms to Chest Opener • Bodyweight Calf Release • Child's Pose
11,17,Whole Body Routine,15:53,Lunge with Trunk Twists • Standing Quad Stretch • Tricep & Lat Stretch • Forward Fold with Chest Opener • Runner's Lunge • Supine Dynamic Cactus • Butterfly Stretch • Dynamic Scorpion • Figure Four • Trapezuius Stretch
11,18,Whole Body Routine,16:36,Dynamic Side Lunge • Hamstring Crossover • Warrior II • Dynamic Overhead Side Bend with a pole • Tricep Stretch with a pole • Dynamic Shoulder Squeeze • Roll Quads with a foam roller • Roll Hamstrings with a foam roller • Lower Twist
11,19,Whole Body Routine,15:43,Lunge to Hamstring Stretch • Dynamic Hip Rotations with a pole • Dynamic Shoulder Stretch with a pole • Standing Quad Stretch • Cat / Cow • Prone Chin Tucks • Pretzel Stretch • Child's Pose with a foam roller • Roll Upper Back with a foam roller
11,20,Upper Body Routine,15:05,Arm Circles • Dynamic Overhead Side Bend with a pole • Tricep Stretch with a pole • Pelvic Tilts • Cat / Cow • Dynamic Shoulder Squeeze • Trapezuius Stretch • Supine Dynamic Cactus • Lower Twist • Child's Pose
11,21,Passive Routine,15:52,Standing Quad Stretch • Upper Body Rotation with a pole • Adductor Drop • Figure Four • Butterfly Stretch • Lower Twist • Pigeon Pose • Roll Hamstrings with a foam roller • Child's Pose
11,22,Whole Body Routine,15:29,Upper Body Rotation with a pole • Tricep Stretch with a pole • Dynamic Star • Arm Circles • Lunge to Hamstring Stretch • Adductor Drop • Dynamic Happy Baby • Pigeon Pose • Pelvic Tilts
11,23,Whole Body Routine,16:00,Dynamic Step & Reach • Forward Fold with Chest Opener • Alternating Step & Squat • Standing Quad Stretch • High to Low Lunge • Bodyweight Calf Release • Prone Chin Tucks • Eagle Arms to Chest Opener • Trapezuius Stretch
11,24,Whole Body Routine,15:28,Lunge with Trunk Twists • Hamstring Crossover • Dynamic Hip Rotations with a pole • Dynamic Shoulder Stretch with a pole • Cat / Cow • Upper Back Rotations • Pretzel Stretch • Roll Quads with a foam roller • Roll Hamstrings with a foam roller
11,25,Lower Body Routine,17:15,Lunge to Hamstring Stretch • Standing Quad Stretch • Runner's Lunge • Dynamic Scorpion • Pigeon Pose • Roll Hamstrings with a foam roller • Pretzel Stretch • Dynamic Happy Baby
11,26,Whole Body Routine,15:50,Dynamic Shoulder Squeeze • Pelvic Tilts • Pigeon Pose • Lower Twist • Child's Pose with a foam roller • Roll Upper Back with a foam roller • Runner's Lunge • Adductor Drop • Bodyweight Calf Release
11,27,Whole Body Routine,15:26,Warrior II • Dynamic Overhead Side Bend with a pole • Tricep & Lat Stretch • Dynamic Hip Rotations with a pole • High to Low Lunge • Roll Hamstrings with a foam roller • Figure Four • Upper Back Rotations
11,28,Passive Routine,16:20,Roll Upper Back with a foam roller • Roll Quads with a foam roller • Pigeon Pose • Bodyweight Calf Release • Pretzel Stretch • Lower Twist • Figure Four • Child's Pose
11,29,Whole Body Routine,16:15,Arm Circles • Dynamic Side Lunge • Hamstring Crossover • Upper Body Rotation with a pole • Tricep Stretch with a pole • Runner's Lunge • Pigeon Pose • Supine Dynamic Cactus • Trapezuius Stretch • Child's Pose
11,30,Upper Body Routine,16:41,Dynamic Step & Reach • Upper Body Rotation with a pole • Dynamic Shoulder Stretch with a pole • Arm Circles • Eagle Arms to Chest Opener • Pelvic Tilts • Upper Back Rotations • Roll Upper Back with a foam roller • Cat / Cow • Trapezuius Stretch • Child's Pose with a foam roller
12,1,Whole Body Routine,16:51,Dynamic Leg Swings with a pole • Standing Knee Hug • Standing Hamstring Stretch • Warrior II • Seated Side Bends with a chair • Neck Alignment Exercise with a chair • Seated Spinal Rotations • Roll Quads with a foam roller • Roll Bottom of Feet with a ball and chair
12,2,Whole Body Routine,16:52,Step Back & Reach • Dynamic Leg Swings with a pole • Kneeling Upper Body Release • Alternating Table Top Twist • Hamstring Stretch with a strap • Side Lying Quad Stretch with a strap • Childs Pose Twist • Reclined Butterfly
12,3,Whole Body Routine,16:33,Frankensteins • Dynamic Hip Stretch • Staff Pose • Kneeling Lat Stretch with a chair • Gate Pose • Figure Four Twist • Stretch Wrists • Seated Neck & Chest Stretch • Bridge with a block
12,4,Whole Body Routine,15:50,Dynamic Shoulder Stretch with a pole • Standing Lat Stretch with a pole • Dynamic Leg Circles with a strap • Prone Quad Stretch with a strap • Seated Hip Sways • Table Top Rotations • Seated Twist & Tuck • Seated Arm Stretch
12,5,Lower Body Routine,17:44,Dynamic Hip Stretch • Standing Knee Hug • Warrior II • Seated Hip Sways • Figure Four Twist • Dynamic Leg Circles with a strap • Hamstring Stretch with a strap • Side Lying Quad Stretch with a strap • Bridge with a block
12,6,Whole Body Routine,17:02,Dynamic Side Bends with a pole • Standing Knee Hug • Standing Hamstring Stretch • Wall Hang with a wall • Gate Pose • Seated Hip Sways • Seated Neck & Chest Stretch • Roll Quads with a foam roller • Roll Glutes with a foam roller • Hamstring Stretch with a wall
12,7,Passive Routine,17:06,Kneeling Lat Stretch with a chair • Dynamic Leg Circles with a strap • Side Lying Quad Stretch with a strap • Stretch Wrists • Roll Bottom of Feet with a ball and chair • Childs Pose Twist • Reclined Butterfly • Bridge with a block • Hamstring Stretch with a wall
12,8,Whole Body Routine,17:58,Dynamic Leg Swings with a pole • Step Back & Reach • Warrior II • Seated Side Bends with a chair • Neck Alignment Exercise with a chair • Roll Upper Back with a foam roller • Roll Quads with a foam roller • Figure Four Twist • Reclined Butterfly
12,9,Whole Body Routine,17:28,Mid Back Release with a ball • Wall Hang with a wall • Gate Pose • Side Lying Quad Stretch with a strap • Hamstring Stretch with a strap • Dynamic Leg Circles with a strap • Windmills • Seated Arm Stretch • Seated Neck & Chest Stretch
12,10,Upper Body Routine,16:00,Seated Side Bends with a chair • Neck Alignment Exercise with a chair • Kneeling Lat Stretch with a chair • Kneeling Upper Body Release • Alternating Table Top Twist • Prone Chest Opener • Childs Pose Twist • Roll Upper Back with a foam roller • Mid Back Release with a ball
12,11,Whole Body Routine,17:29,Dynamic Side Bends with a pole • Dynamic Shoulder Stretch with a pole • Dynamic Hip Stretch • Seated Twist & Tuck • Prone Chest Opener • Childs Pose Twist • Staff Pose • Prone Quad Stretch with a strap • Roll Bottom of Feet with a ball and chair
12,12,Whole Body Routine,16:32,Frankensteins • Standing Lat Stretch with a pole • Dynamic Leg Circles with a strap • Side Lying Quad Stretch with a strap • Roll Glutes with a foam roller • Roll Upper Back with a foam roller • Seated Spinal Rotations • Kneeling Upper Body Release • Windmills
12,13,Whole Body Routine,16:41,Mid Back Release with a ball • Kneeling Lat Stretch with a chair • Table Top Rotations • Seated Hip Sways • Seated Twist & Tuck • Prone Quad Stretch with a strap • Hamstring Stretch with a strap • Roll Bottom of Feet with a ball and chair
12,14,Passive Routine,16:17,Wall Hang with a wall • Stretch Wrists • Roll Upper Back with a foam roller • Roll Quads with a foam roller • Childs Pose Twist • Reclined Butterfly • Bridge with a block • Prone Quad Stretch with a strap • Hamstring Stretch with a wall
12,15,Lower Body Routine,16:32,Frankensteins • Standing Hamstring Stretch • Seated Hip Sways • Seated Twist & Tuck • Reclined Butterfly • Roll Bottom of Feet with a ball and chair • Roll Glutes with a foam roller • Roll Quads with a foam roller • Hamstring Stretch with a wall
12,16,Whole Body Routine,16:51,Dynamic Leg Swings with a pole • Standing Knee Hug • Standing Hamstring Stretch • Warrior II • Seated Side Bends with a chair • Neck Alignment Exercise with a chair • Seated Spinal Rotations • Roll Quads with a foam roller • Roll Bottom of Feet with a ball and chair
12,17,Whole Body Routine,16:52,Step Back & Reach • Dynamic Leg Swings with a pole • Kneeling Upper Body Release • Alternating Table Top Twist • Hamstring Stretch with a strap • Side Lying Quad Stretch with a strap • Childs Pose Twist • Reclined Butterfly
12,18,Whole Body Routine,16:33,Frankensteins • Dynamic Hip Stretch • Staff Pose • Kneeling Lat Stretch with a chair • Gate Pose • Figure Four Twist • Stretch Wrists • Seated Neck & Chest Stretch • Bridge with a block
12,19,Whole Body Routine,15:50,Dynamic Shoulder Stretch with a pole • Standing Lat Stretch with a pole • Dynamic Leg Circles with a strap • Prone Quad Stretch with a strap • Seated Hip Sways • Table Top Rotations • Seated Twist & Tuck • Seated Arm Stretch
12,20,Upper Body Routine,17:03,Dynamic Side Bends with a pole • Standing Lat Stretch with a pole • Windmills • Seated Spinal Rotations • Childs Pose Twist • Stretch Wrists • Alternating Table Top Twist • Seated Neck & Chest Stretch • Roll Upper Back with a foam roller
12,21,Passive Routine,17:06,Kneeling Lat Stretch with a chair • Dynamic Leg Circles with a strap • Side Lying Quad Stretch with a strap • Stretch Wrists • Roll Bottom of Feet with a ball and chair • Childs Pose Twist • Reclined Butterfly • Bridge with a block • Hamstring Stretch with a wall
12,22,Whole Body Routine,17:02,Dynamic Side Bends with a pole • Standing Knee Hug • Standing Hamstring Stretch • Wall Hang with a wall • Gate Pose • Seated Hip Sways • Seated Neck & Chest Stretch • Roll Quads with a foam roller • Roll Glutes with a foam roller • Hamstring Stretch with a wall
12,23,Whole Body Routine,17:58,Dynamic Leg Swings with a pole • Step Back & Reach • Warrior II • Seated Side Bends with a chair • Neck Alignment Exercise with a chair • Roll Upper Back with a foam roller • Roll Quads with a foam roller • Figure Four Twist • Reclined Butterfly
12,24,Whole Body Routine,17:28,Mid Back Release with a ball • Wall Hang with a wall • Gate Pose • Side Lying Quad Stretch with a strap • Hamstring Stretch with a strap • Dynamic Leg Circles with a strap • Windmills • Seated Arm Stretch • Seated Neck & Chest Stretch
12,25,Lower Body Routine,18:27,Step Back & Reach • Dynamic Leg Swings with a pole • Warrior II • Dynamic Leg Circles with a strap • Staff Pose • Prone Quad Stretch with a strap • Figure Four Twist • Reclined Butterfly • Hamstring Stretch with a wall
12,26,Whole Body Routine,17:29,Dynamic Side Bends with a pole • Dynamic Shoulder Stretch with a pole • Dynamic Hip Stretch • Seated Twist & Tuck • Prone Chest Opener • Childs Pose Twist • Staff Pose • Prone Quad Stretch with a strap • Roll Bottom of Feet with a ball and chair
12,27,Whole Body Routine,16:32,Frankensteins • Standing Lat Stretch with a pole • Dynamic Leg Circles with a strap • Side Lying Quad Stretch with a strap • Roll Glutes with a foam roller • Roll Upper Back with a foam roller • Seated Spinal Rotations • Kneeling Upper Body Release • Windmills
12,28,Passive Routine,16:17,Wall Hang with a wall • Stretch Wrists • Roll Upper Back with a foam roller • Roll Quads with a foam roller • Childs Pose Twist • Reclined Butterfly • Bridge with a block • Prone Quad Stretch with a strap • Hamstring Stretch with a wall
12,29,Whole Body Routine,16:41,Mid Back Release with a ball • Kneeling Lat Stretch with a chair • Table Top Rotations • Seated Hip Sways • Seated Twist & Tuck • Prone Quad Stretch with a strap • Hamstring Stretch with a strap • Roll Bottom of Feet with a ball and chair
12,30,Upper Body Routine,15:54,Dynamic Shoulder Stretch with a pole • Standing Lat Stretch with a pole • Table Top Rotations • Prone Chest Opener • Seated Arm Stretch • Windmills • Seated Neck & Chest Stretch • Wall Hang with a wall • Mid Back Release with a ball
Year 2 - Month 1,1,Whole Body Routine,17:45,Hamstring Sweep • Dynamic Side Lunge • Forward Fold with Chest Opener • Prone Quad Stretch with a strap • Dynamic Low Lunge to Lizard • Neck Stretch Sequence • Lower Twist
Year 2 - Month 1,2,Whole Body Routine,17:29,Side & Lat Stretch • Dynamic Lunge to Hamstring Stretch • Cat/Cow to Puppy Pose • Low Lunge Quad Stretch • Dynamic Bridge • Figure Four Twist
Year 2 - Month 1,3,Whole Body Routine,15:37,Dynamic Side Lunge • Dynamic Cobra Twist • Dynamic Toe Reach • Dynamic Downward Dog • Prone Quad Stretch with a strap • Neck Stretch Sequence • Roll Lats with a foam roller
Year 2 - Month 1,4,Whole Body Routine,17:03,Hamstring Sweep • Half Split • Dynamic Cactus • Dynamic Lizard Lunge • Low Lunge Quad Stretch • Sleeper Stretch with a block • Figure Four Twist
Year 2 - Month 1,5,Lower Body Routine,16:36,Dynamic Lunge to Hamstring Stretch • Dynamic Bridge • Half Split • Low Lunge Quad Stretch • Dynamic Lizard Lunge • Hamstring Hook with a strap
Year 2 - Month 1,6,Whole Body Routine,19:11,Side & Lat Stretch • Dynamic Lunge to Hamstring Stretch • Dynamic Low Lunge to Lizard • Hamstring Hook with a strap • Cat/Cow to Puppy Pose • Lower Twist
Year 2 - Month 1,7,Passive Routine,16:22,Prone Quad Stretch with a strap • Hamstring Hook with a strap • Lower Twist • Half Split • Butterfly to Reclined Butterfly
Year 2 - Month 1,8,Whole Body Routine,16:12,Forward Fold with Chest Opener • Dynamic Side Lunge • Dynamic Lizard Lunge • V-Sit • Sleeper Stretch with a block • Dynamic Cobra Twist • Prone Quad Stretch with a strap • Dynamic Cactus
Year 2 - Month 1,9,Whole Body Routine,15:42,Dynamic Bridge • Butterfly to Reclined Butterfly • Dynamic Downward Dog • Figure Four Twist • Dynamic Toe Reach • Neck Stretch Sequence
Year 2 - Month 1,10,Upper Body Routine,15:27,Side & Lat Stretch • Dynamic Downward Dog • Dynamic Cactus • Neck Stretch Sequence • Cat/Cow to Puppy Pose • Sleeper Stretch with a block • Roll Lats with a foam roller
Year 2 - Month 1,11,Whole Body Routine,16:25,Dynamic Low Lunge to Lizard • Half Split • Figure Four Twist • Dynamic Downward Dog • Dynamic Cactus • Roll Lats with a foam roller
Year 2 - Month 1,12,Whole Body Routine,16:30,Side & Lat Stretch • Forward Fold with Chest Opener • Hamstring Sweep • Cat/Cow to Puppy Pose • Hamstring Hook with a strap • Lower Twist
Year 2 - Month 1,13,Whole Body Routine,16:03,Dynamic Bridge • V-Sit • Butterfly to Reclined Butterfly • Dynamic Cobra Twist • Low Lunge Quad Stretch • Neck Stretch Sequence • Dynamic Low Lunge to Lizard
Year 2 - Month 1,14,Passive Routine,17:11,Figure Four Twist • V-Sit • Hamstring Hook with a strap • Lower Twist • Butterfly to Reclined Butterfly
Year 2 - Month 1,15,Lower Body Routine,16:44,Hamstring Sweep • Dynamic Side Lunge • Dynamic Toe Reach • Figure Four Twist • Prone Quad Stretch with a strap • Butterfly to Reclined Butterfly
Year 2 - Month 1,16,Whole Body Routine,17:45,Hamstring Sweep • Dynamic Side Lunge • Forward Fold with Chest Opener • Prone Quad Stretch with a strap • Dynamic Low Lunge to Lizard • Neck Stretch Sequence • Lower Twist
Year 2 - Month 1,17,Whole Body Routine,17:29,Side & Lat Stretch • Dynamic Lunge to Hamstring Stretch • Cat/Cow to Puppy Pose • Low Lunge Quad Stretch • Dynamic Bridge • Figure Four Twist
Year 2 - Month 1,18,Whole Body Routine,15:37,Dynamic Side Lunge • Dynamic Cobra Twist • Dynamic Toe Reach • Dynamic Downward Dog • Prone Quad Stretch with a strap • Neck Stretch Sequence • Roll Lats with a foam roller
Year 2 - Month 1,19,Whole Body Routine,17:03,Hamstring Sweep • Half Split • Dynamic Cactus • Dynamic Lizard Lunge • Low Lunge Quad Stretch • Sleeper Stretch with a block • Figure Four Twist
Year 2 - Month 1,20,Upper Body Routine,17:28,Hamstring Sweep • Forward Fold with Chest Opener • Dynamic Cobra Twist • Dynamic Downward Dog • Lower Twist • Cat/Cow to Puppy Pose • Neck Stretch Sequence • Roll Lats with a foam roller
Year 2 - Month 1,21,Passive Routine,16:22,Prone Quad Stretch with a strap • Hamstring Hook with a strap • Lower Twist • Half Split • Butterfly to Reclined Butterfly
Year 2 - Month 1,22,Whole Body Routine,19:11,Side & Lat Stretch • Dynamic Lunge to Hamstring Stretch • Dynamic Low Lunge to Lizard • Hamstring Hook with a strap • Cat/Cow to Puppy Pose • Lower Twist
Year 2 - Month 1,23,Whole Body Routine,16:12,Forward Fold with Chest Opener • Dynamic Side Lunge • Dynamic Lizard Lunge • V-Sit • Sleeper Stretch with a block • Dynamic Cobra Twist • Prone Quad Stretch with a strap • Dynamic Cactus
Year 2 - Month 1,24,Whole Body Routine,15:42,Dynamic Bridge • Butterfly to Reclined Butterfly • Dynamic Downward Dog • Figure Four Twist • Dynamic Toe Reach • Neck Stretch Sequence
Year 2 - Month 1,25,Lower Body Routine,17:47,Dynamic Low Lunge to Lizard • Dynamic Toe Reach • Low Lunge Quad Stretch • Half Split • Figure Four Twist • Butterfly to Reclined Butterfly
Year 2 - Month 1,26,Whole Body Routine,16:25,Dynamic Low Lunge to Lizard • Half Split • Figure Four Twist • Dynamic Downward Dog • Dynamic Cactus • Roll Lats with a foam roller
Year 2 - Month 1,27,Whole Body Routine,16:30,Side & Lat Stretch • Forward Fold with Chest Opener • Hamstring Sweep • Cat/Cow to Puppy Pose • Hamstring Hook with a strap • Lower Twist
Year 2 - Month 1,28,Passive Routine,17:11,Figure Four Twist • V-Sit • Hamstring Hook with a strap • Lower Twist • Butterfly to Reclined Butterfly
Year 2 - Month 1,29,Whole Body Routine,16:03,Dynamic Bridge • V-Sit • Butterfly to Reclined Butterfly • Dynamic Cobra Twist • Low Lunge Quad Stretch • Neck Stretch Sequence • Dynamic Low Lunge to Lizard
Year 2 - Month 1,30,Upper Body Routine,15:54,Side & Lat Stretch • Forward Fold with Chest Opener • Dynamic Cobra Twist • Cat/Cow to Puppy Pose • Lower Twist • Sleeper Stretch with a block • Roll Lats with a foam roller